,ang,ang,ang,ang,ang,fea,fea,fea,fea,fea,ntr,ntr,ntr,ntr,ntr,sad,sad,sad,sad,sad,sup,sup,sup,sup,sup,hap,hap,hap,hap,hap,dis,dis,dis,dis,dis
,nan,AU9,AU7,AU6,AU22+23+25,nan,AU9,AU7,AU6,AU22+23+25,nan,AU9,AU7,AU6,AU22+23+25,nan,AU9,AU7,AU6,AU22+23+25,nan,AU9,AU7,AU6,AU22+23+25,nan,AU9,AU7,AU6,AU22+23+25,nan,AU9,AU7,AU6,AU22+23+25
,,,,,,,,,,,,,,,,,,,,,,,,,,,,,,,,,,,
p001,-19.467061436,34.7150259067,-8.80829015544,36.0967184801,13.9896373057,0.0,0.0,0.0,0.0,0.0,0.0,0.0,0.0,0.0,0.0,0.0,0.0,0.0,0.0,0.0,0.0,0.0,0.0,0.0,0.0,0.0,0.0,0.0,0.0,0.0,0.0,0.0,0.0,0.0,0.0
p002,-37.0742465082,68.782161235,-9.43396226415,65.3516295026,31.7324185249,0.0,0.0,0.0,0.0,0.0,0.0,0.0,0.0,0.0,0.0,0.0,0.0,0.0,0.0,0.0,0.0,0.0,0.0,0.0,0.0,0.0,0.0,0.0,0.0,0.0,0.0,0.0,0.0,0.0,0.0
p003,-28.0351048269,21.843003413,-1.70648464164,22.866894198,63.8225255973,0.0,0.0,0.0,0.0,0.0,0.0,0.0,0.0,0.0,0.0,18.6813186813,-7.69230769231,-100.0,-7.69230769231,-53.8461538462,0.0,0.0,0.0,0.0,0.0,0.0,0.0,0.0,0.0,0.0,2.85714285714,140.0,380.0,60.0,-100.0
p004,-8.77708409842,-2.05655526992,57.3264781491,7.96915167095,18.766066838,0.0,0.0,0.0,0.0,0.0,0.0,0.0,0.0,0.0,0.0,0.0,0.0,0.0,0.0,0.0,0.0,0.0,0.0,0.0,0.0,0.0,0.0,0.0,0.0,0.0,0.0,0.0,0.0,0.0,0.0
p005,-3.9705280393,-33.8108882521,-34.670487106,-23.2091690544,48.7106017192,0.0,0.0,0.0,0.0,0.0,0.0,0.0,0.0,0.0,0.0,0.0,0.0,0.0,0.0,0.0,0.0,0.0,0.0,0.0,0.0,0.0,0.0,0.0,0.0,0.0,0.0,0.0,0.0,0.0,0.0
p006,-15.0897882605,19.3245778612,98.1238273921,16.3227016886,28.330206379,0.0,0.0,0.0,0.0,0.0,0.0,0.0,0.0,0.0,0.0,-57.1428571429,-100.0,-100.0,-50.0,275.0,0.0,0.0,0.0,0.0,0.0,0.0,0.0,0.0,0.0,0.0,25.7142857143,-20.0,-100.0,-46.6666666667,-20.0
p007,-3.12764158918,10.9467455621,-18.3431952663,-10.0591715976,26.0355029586,0.0,0.0,0.0,0.0,0.0,0.0,0.0,0.0,0.0,0.0,0.0,0.0,0.0,0.0,0.0,0.0,0.0,0.0,0.0,0.0,5.06912442396,-32.2580645161,-100.0,-35.4838709677,35.4838709677,-42.8571428571,100.0,-100.0,77.7777777778,33.3333333333
p008,-8.29493087558,14.5161290323,38.7096774194,13.4408602151,8.87096774194,0.0,0.0,0.0,0.0,0.0,0.0,0.0,0.0,0.0,0.0,0.0,0.0,0.0,0.0,0.0,0.0,0.0,0.0,0.0,0.0,0.0,0.0,0.0,0.0,0.0,-14.2857142857,-100.0,-100.0,-100.0,200.0
p009,-3.52032704974,-20.826709062,-16.0572337043,-36.4069952305,66.9316375199,0.0,0.0,0.0,0.0,0.0,0.0,0.0,0.0,0.0,0.0,0.0,0.0,0.0,0.0,0.0,0.0,0.0,0.0,0.0,0.0,0.0,0.0,0.0,0.0,0.0,0.0,0.0,0.0,0.0,0.0
p011,-3.57142857143,2.6645352591e-14,41.1764705882,-3.43137254902,17.6470588235,0.0,0.0,0.0,0.0,0.0,0.0,0.0,0.0,0.0,0.0,0.0,0.0,0.0,0.0,0.0,0.0,0.0,0.0,0.0,0.0,50.0,-25.0,-100.0,-50.0,-100.0,0.0,0.0,0.0,0.0,0.0
p012,-15.4707044108,16.1290322581,91.7050691244,12.4423963134,35.4838709677,0.0,0.0,0.0,0.0,0.0,0.0,0.0,0.0,0.0,0.0,0.0,0.0,0.0,0.0,0.0,0.0,0.0,0.0,0.0,0.0,37.1428571429,-100.0,-100.0,-60.0,-40.0,0.0,0.0,0.0,0.0,0.0
p013,-16.0929432014,23.7951807229,12.0481927711,10.2409638554,40.9638554217,-14.2857142857,200.0,-100.0,100.0,-100.0,0.0,0.0,0.0,0.0,0.0,0.0,0.0,0.0,0.0,0.0,0.0,0.0,0.0,0.0,0.0,0.0,0.0,0.0,0.0,0.0,14.2857142857,33.3333333333,166.666666667,33.3333333333,-100.0
p014,-22.606207352,52.5423728814,169.953775039,41.1402157165,17.4114021572,0.0,0.0,0.0,0.0,0.0,0.0,0.0,0.0,0.0,0.0,0.0,0.0,0.0,0.0,0.0,0.0,0.0,0.0,0.0,0.0,0.0,0.0,0.0,0.0,0.0,-100.0,-100.0,-100.0,-100.0,500.0
p015,-28.8961038961,103.693181818,206.818181818,73.2954545455,-8.80681818182,0.0,0.0,0.0,0.0,0.0,0.0,0.0,0.0,0.0,0.0,0.0,0.0,0.0,0.0,0.0,0.0,0.0,0.0,0.0,0.0,0.0,0.0,0.0,0.0,0.0,0.0,0.0,0.0,0.0,0.0
p016,-13.5812133072,1.91780821918,70.9589041096,3.01369863014,43.0136986301,0.0,0.0,0.0,0.0,0.0,0.0,0.0,0.0,0.0,0.0,0.0,0.0,0.0,0.0,0.0,0.0,0.0,0.0,0.0,0.0,0.0,0.0,0.0,0.0,0.0,2.85714285714,-20.0,-100.0,6.66666666667,-20.0
p017,8.04597701149,-29.8850574713,-21.8390804598,-36.398467433,26.4367816092,0.0,0.0,0.0,0.0,0.0,0.0,0.0,0.0,0.0,0.0,0.0,0.0,0.0,0.0,0.0,0.0,0.0,0.0,0.0,0.0,14.2857142857,-100.0,-100.0,-100.0,100.0,0.0,0.0,0.0,0.0,0.0
p018,-12.3938879457,-0.169779286927,42.6146010187,12.0543293718,25.2971137521,0.0,0.0,0.0,0.0,0.0,0.0,0.0,0.0,0.0,0.0,0.0,0.0,0.0,0.0,0.0,0.0,0.0,0.0,0.0,0.0,0.0,0.0,0.0,0.0,0.0,0.0,0.0,0.0,0.0,0.0
p019,-10.7307439105,34.5622119816,176.497695853,37.6344086022,-18.8940092166,0.0,0.0,0.0,0.0,0.0,0.0,0.0,0.0,0.0,0.0,0.0,0.0,0.0,0.0,0.0,0.0,0.0,0.0,0.0,0.0,0.0,0.0,0.0,0.0,0.0,-42.1560035057,80.3680981595,-100.0,69.3251533742,43.5582822086
p020,-8.57142857143,-5.11627906977,-36.7441860465,1.08527131783,28.3720930233,0.0,0.0,0.0,0.0,0.0,0.0,0.0,0.0,0.0,0.0,0.0,0.0,0.0,0.0,0.0,0.0,0.0,0.0,0.0,0.0,10.6861642295,8.66141732283,-100.0,-5.51181102362,-29.1338582677,1.5873015873,22.2222222222,166.666666667,-18.5185185185,22.2222222222
p021,-15.5137126484,47.8510028653,82.2349570201,37.5358166189,-2.00573065903,0.0,0.0,0.0,0.0,0.0,0.0,0.0,0.0,0.0,0.0,0.0,0.0,0.0,0.0,0.0,0.0,0.0,0.0,0.0,0.0,0.0,0.0,0.0,0.0,0.0,0.0,0.0,0.0,0.0,0.0
p022,-4.60448642267,71.9008264463,45.4545454545,39.9449035813,-43.8016528926,0.0,0.0,0.0,0.0,0.0,0.0,0.0,0.0,0.0,0.0,0.0,0.0,0.0,0.0,0.0,0.0,0.0,0.0,0.0,0.0,0.0,0.0,0.0,0.0,0.0,33.3333333333,-33.3333333333,-100.0,-55.5555555556,-33.3333333333
p023,-19.8038013489,57.9399141631,81.974248927,27.6108726753,27.8969957082,0.0,0.0,0.0,0.0,0.0,-51.0204081633,71.4285714286,-100.0,14.2857142857,157.142857143,0.0,0.0,0.0,0.0,0.0,0.0,0.0,0.0,0.0,0.0,0.0,0.0,0.0,0.0,0.0,-34.0659340659,38.4615384615,84.6153846154,53.8461538462,38.4615384615
p024,-25.0979367981,14.0767824497,57.9524680073,30.1645338208,42.5959780622,0.0,0.0,0.0,0.0,0.0,0.0,0.0,0.0,0.0,0.0,0.0,0.0,0.0,0.0,0.0,0.0,0.0,0.0,0.0,0.0,0.0,0.0,0.0,0.0,0.0,0.0,0.0,0.0,0.0,0.0
p025,-6.79908326967,17.6470588235,122.459893048,4.09982174688,17.6470588235,0.0,0.0,0.0,0.0,0.0,0.0,0.0,0.0,0.0,0.0,0.0,0.0,0.0,0.0,0.0,0.0,0.0,0.0,0.0,0.0,0.0,0.0,0.0,0.0,0.0,0.0,0.0,0.0,0.0,0.0
p026,-7.02179176755,24.3807040417,97.1316818774,27.7705345502,-17.0795306389,0.0,0.0,0.0,0.0,0.0,0.0,0.0,0.0,0.0,0.0,0.0,0.0,0.0,0.0,0.0,0.0,0.0,0.0,0.0,0.0,14.2857142857,0.0,-100.0,-33.3333333333,0.0,5.49450549451,-100.0,-100.0,-7.69230769231,-7.69230769231
p027,-14.7672552167,56.7415730337,82.0224719101,27.5280898876,10.393258427,0.0,0.0,0.0,0.0,0.0,0.0,0.0,0.0,0.0,0.0,0.0,0.0,0.0,0.0,0.0,0.0,0.0,0.0,0.0,0.0,0.0,0.0,0.0,0.0,0.0,-4.7619047619,-33.3333333333,-100.0,-11.1111111111,33.3333333333
p028,-11.15935736,-2.43161094225,2.12765957447,13.0699088146,19.452887538,0.0,0.0,0.0,0.0,0.0,0.0,0.0,0.0,0.0,0.0,0.0,0.0,0.0,0.0,0.0,0.0,0.0,0.0,0.0,0.0,0.0,0.0,0.0,0.0,0.0,-9.24369747899,23.5294117647,111.764705882,29.4117647059,-11.7647058824
p029,-13.4465534466,10.7692307692,-12.7272727273,21.3986013986,14.965034965,0.0,0.0,0.0,0.0,0.0,0.0,0.0,0.0,0.0,0.0,0.0,0.0,0.0,0.0,0.0,7.14285714286,-25.0,200.0,0.0,-25.0,0.0,0.0,0.0,0.0,0.0,0.0,0.0,0.0,0.0,0.0
p030,-15.3113553114,-14.8717948718,-38.4615384615,-21.3675213675,85.641025641,0.0,0.0,0.0,0.0,0.0,0.0,0.0,0.0,0.0,0.0,0.0,0.0,0.0,0.0,0.0,0.0,0.0,0.0,0.0,0.0,0.0,0.0,0.0,0.0,0.0,-8.81458966565,121.276595745,-100.0,47.5177304965,-40.4255319149
p031,-15.1799020651,36.8107302534,68.1073025335,25.1862891207,15.3502235469,0.0,0.0,0.0,0.0,0.0,0.0,0.0,0.0,0.0,0.0,0.0,0.0,0.0,0.0,0.0,0.0,0.0,0.0,0.0,0.0,-2.04081632653,-14.2857142857,-100.0,71.4285714286,-100.0,-42.8571428571,100.0,-100.0,33.3333333333,100.0
p032,-1.2315270936,6.89655172414,55.1724137931,-8.04597701149,16.3793103448,0.0,0.0,0.0,0.0,0.0,0.0,0.0,0.0,0.0,0.0,0.0,0.0,0.0,0.0,0.0,0.0,0.0,0.0,0.0,0.0,0.0,0.0,0.0,0.0,0.0,-42.8571428571,100.0,700.0,33.3333333333,100.0
p033,-31.1004784689,32.0574162679,125.837320574,39.7129186603,49.2822966507,0.0,0.0,0.0,0.0,0.0,0.0,0.0,0.0,0.0,0.0,0.0,0.0,0.0,0.0,0.0,0.0,0.0,0.0,0.0,0.0,0.0,0.0,0.0,0.0,0.0,5.49450549451,84.6153846154,-100.0,23.0769230769,-53.8461538462
p034,-17.2300981461,15.6488549618,110.687022901,9.16030534351,46.5648854962,71.4285714286,-100.0,-100.0,-100.0,-100.0,0.0,0.0,0.0,0.0,0.0,0.0,0.0,0.0,0.0,0.0,0.0,0.0,0.0,0.0,0.0,0.0,0.0,0.0,0.0,0.0,-42.8571428571,300.0,700.0,166.666666667,-100.0
p035,-8.62731400629,30.5623471883,99.511002445,4.64547677262,23.2273838631,0.0,0.0,0.0,0.0,0.0,0.0,0.0,0.0,0.0,0.0,0.0,0.0,0.0,0.0,0.0,0.0,0.0,0.0,0.0,0.0,0.0,0.0,0.0,0.0,0.0,-23.8095238095,33.3333333333,166.666666667,33.3333333333,33.3333333333
p036,-13.3834586466,32.6315789474,91.2781954887,9.47368421053,32.6315789474,0.0,0.0,0.0,0.0,0.0,0.0,0.0,0.0,0.0,0.0,0.0,0.0,0.0,0.0,0.0,0.0,0.0,0.0,0.0,0.0,0.0,0.0,0.0,0.0,0.0,0.348432055749,31.7073170732,231.707317073,10.5691056911,-17.0731707317
p037,-8.37438423645,-20.9359605911,30.0492610837,-12.8078817734,48.5221674877,0.0,0.0,0.0,0.0,0.0,0.0,0.0,0.0,0.0,0.0,0.0,0.0,0.0,0.0,0.0,0.0,0.0,0.0,0.0,0.0,-31.4285714286,20.0,-100.0,60.0,20.0,0.0,0.0,0.0,0.0,0.0
p038,1.96078431373,35.9477124183,83.0065359477,8.93246187364,-20.2614379085,0.0,0.0,0.0,0.0,0.0,0.0,0.0,0.0,0.0,0.0,0.0,0.0,0.0,0.0,0.0,0.0,0.0,0.0,0.0,0.0,0.0,0.0,0.0,0.0,0.0,14.2857142857,-50.0,0.0,-50.0,25.0
p039,-2.00949945195,35.8056265985,74.9360613811,24.8081841432,-30.179028133,0.0,0.0,0.0,0.0,0.0,0.0,0.0,0.0,0.0,0.0,0.0,0.0,0.0,0.0,0.0,0.0,0.0,0.0,0.0,0.0,0.0,0.0,0.0,0.0,0.0,0.0,0.0,0.0,0.0,0.0
p040,-7.7775213478,64.7819063005,186.914378029,45.3957996769,-40.8723747981,0.0,0.0,0.0,0.0,0.0,0.0,0.0,0.0,0.0,0.0,0.0,0.0,0.0,0.0,0.0,0.0,0.0,0.0,0.0,0.0,0.0,0.0,0.0,0.0,0.0,0.0,0.0,0.0,0.0,0.0
p041,-10.3896103896,92.8571428571,79.2207792208,35.0649350649,-16.2337662338,0.0,0.0,0.0,0.0,0.0,0.0,0.0,0.0,0.0,0.0,14.2857142857,-20.0,-100.0,-20.0,-20.0,0.0,0.0,0.0,0.0,0.0,2.85714285714,-40.0,-100.0,-20.0,20.0,-36.6795366795,18.9189189189,-100.0,76.5765765766,13.5135135135
p042,-15.3439153439,-3.7037037037,52.380952381,13.5802469136,33.3333333333,0.0,0.0,0.0,0.0,0.0,0.0,0.0,0.0,0.0,0.0,31.8681318681,-53.8461538462,-100.0,-69.2307692308,-7.69230769231,0.0,0.0,0.0,0.0,0.0,0.0,0.0,0.0,0.0,0.0,-15.3707052441,-77.2151898734,-39.2405063291,6.32911392405,44.3037974684
p043,-11.9815668203,4.83870967742,-3.22580645161,5.91397849462,33.064516129,0.0,0.0,0.0,0.0,0.0,0.0,0.0,0.0,0.0,0.0,0.0,0.0,0.0,0.0,0.0,0.0,0.0,0.0,0.0,0.0,0.0,0.0,0.0,0.0,0.0,0.0,0.0,0.0,0.0,0.0
p044,-16.2574908177,12.8552097429,42.8958051421,14.2083897158,35.5886332882,0.0,0.0,0.0,0.0,0.0,0.0,0.0,0.0,0.0,0.0,0.0,0.0,0.0,0.0,0.0,0.0,0.0,0.0,0.0,0.0,0.0,0.0,0.0,0.0,0.0,-6.49350649351,63.6363636364,-100.0,45.4545454545,-45.4545454545
p045,0.560224089636,40.1960784314,198.039215686,15.0326797386,-24.5098039216,0.0,0.0,0.0,0.0,0.0,0.0,0.0,0.0,0.0,0.0,0.0,0.0,0.0,0.0,0.0,0.0,0.0,0.0,0.0,0.0,0.0,0.0,0.0,0.0,0.0,12.7413127413,-56.7567567568,-100.0,-27.9279279279,-2.7027027027
p046,-12.9710780018,29.754601227,87.7300613497,9.20245398773,31.5950920245,0.0,0.0,0.0,0.0,0.0,0.0,0.0,0.0,0.0,0.0,0.0,0.0,0.0,0.0,0.0,0.0,0.0,0.0,0.0,0.0,0.0,0.0,0.0,0.0,0.0,-19.4630872483,77.1812080537,-100.0,77.1812080537,-47.6510067114
p047,-11.8964659034,39.0243902439,117.421602787,31.0104529617,-4.87804878049,0.0,0.0,0.0,0.0,0.0,0.0,0.0,0.0,0.0,0.0,0.0,0.0,0.0,0.0,0.0,28.5714285714,-100.0,-100.0,-100.0,50.0,0.0,0.0,0.0,0.0,0.0,-29.2707292707,46.8531468531,-100.0,11.8881118881,84.6153846154
p048,-25.1040221914,11.5117891817,16.5048543689,28.7101248266,44.79889043,0.0,0.0,0.0,0.0,0.0,0.0,0.0,0.0,0.0,0.0,0.0,0.0,0.0,0.0,0.0,0.0,0.0,0.0,0.0,0.0,0.0,0.0,0.0,0.0,0.0,0.0,0.0,0.0,0.0,0.0
p049,-12.8728414443,-17.5824175824,28.5714285714,11.5384615385,27.7472527473,0.0,0.0,0.0,0.0,0.0,0.0,0.0,0.0,0.0,0.0,0.0,0.0,0.0,0.0,0.0,0.0,0.0,0.0,0.0,0.0,0.0,0.0,0.0,0.0,0.0,4.7619047619,55.5555555556,122.222222222,3.7037037037,-22.2222222222
p050,5.42010880516,-9.44992947814,-45.8392101551,-0.705218617772,-17.9125528914,0.0,0.0,0.0,0.0,0.0,0.0,0.0,0.0,0.0,0.0,0.0,0.0,0.0,0.0,0.0,0.0,0.0,0.0,0.0,0.0,14.2857142857,-100.0,-100.0,-100.0,100.0,0.0,0.0,0.0,0.0,0.0
p051,-4.36341900777,-11.2970711297,7.1129707113,2.64993026499,11.2970711297,0.0,0.0,0.0,0.0,0.0,0.0,0.0,0.0,0.0,0.0,0.0,0.0,0.0,0.0,0.0,0.0,0.0,0.0,0.0,0.0,0.0,0.0,0.0,0.0,0.0,0.0,0.0,0.0,0.0,0.0
p052,-13.2873781792,27.7870216306,107.65391015,26.455906822,6.82196339434,0.0,0.0,0.0,0.0,0.0,0.0,0.0,0.0,0.0,0.0,0.0,0.0,0.0,0.0,0.0,0.0,0.0,0.0,0.0,0.0,-14.2857142857,-100.0,-100.0,100.0,-100.0,23.3848953594,33.7579617834,-100.0,12.101910828,-100.0
p053,-0.751879699248,19.7822141561,8.89292196007,-1.99637023593,5.62613430127,0.0,0.0,0.0,0.0,0.0,0.0,0.0,0.0,0.0,0.0,0.0,0.0,0.0,0.0,0.0,0.0,0.0,0.0,0.0,0.0,0.0,0.0,0.0,0.0,0.0,0.0,0.0,0.0,0.0,0.0
p054,-11.6564417178,69.3251533742,37.4233128834,31.6973415133,-6.74846625767,0.0,0.0,0.0,0.0,0.0,0.0,0.0,0.0,0.0,0.0,0.0,0.0,0.0,0.0,0.0,0.0,0.0,0.0,0.0,0.0,0.0,0.0,0.0,0.0,0.0,-18.5477505919,25.9668508287,-7.18232044199,19.3370165746,35.9116022099
p055,-14.7007955725,21.3075060533,-30.2663438257,4.6004842615,44.5520581114,0.0,0.0,0.0,0.0,0.0,0.0,0.0,0.0,0.0,0.0,0.0,0.0,0.0,0.0,0.0,0.0,0.0,0.0,0.0,0.0,0.0,0.0,0.0,0.0,0.0,0.0,0.0,0.0,0.0,0.0
p056,5.58786346397,14.6902654867,120.884955752,-4.42477876106,-12.9203539823,0.0,0.0,0.0,0.0,0.0,0.0,0.0,0.0,0.0,0.0,0.0,0.0,0.0,0.0,0.0,0.0,0.0,0.0,0.0,0.0,0.0,0.0,0.0,0.0,0.0,16.717325228,14.8936170213,-100.0,-10.6382978723,-42.5531914894
p057,-8.43091334895,26.2295081967,96.7213114754,15.8469945355,5.73770491803,0.0,0.0,0.0,0.0,0.0,0.0,0.0,0.0,0.0,0.0,0.0,0.0,0.0,0.0,0.0,0.0,0.0,0.0,0.0,0.0,0.0,0.0,0.0,0.0,0.0,14.2857142857,33.3333333333,-100.0,33.3333333333,-100.0
p058,-11.4250397316,34.239802225,-61.433868974,29.0482076638,-3.58467243511,0.0,0.0,0.0,0.0,0.0,0.0,0.0,0.0,0.0,0.0,0.0,0.0,0.0,0.0,0.0,0.0,0.0,0.0,0.0,0.0,0.0,0.0,0.0,0.0,0.0,7.14285714286,-100.0,-100.0,-50.0,50.0
p059,-8.46273291925,3.53260869565,23.9130434783,-8.15217391304,41.847826087,0.0,0.0,0.0,0.0,0.0,0.0,0.0,0.0,0.0,0.0,0.0,0.0,0.0,0.0,0.0,0.0,0.0,0.0,0.0,0.0,-14.2857142857,-100.0,-100.0,0.0,50.0,14.2857142857,0.0,-100.0,-33.3333333333,0.0
p060,-19.8478725933,62.7287853577,91.6805324459,42.4292845258,5.82362728785,0.0,0.0,0.0,0.0,0.0,0.0,0.0,0.0,0.0,0.0,28.5714285714,-25.0,-100.0,0.0,-100.0,0.0,0.0,0.0,0.0,0.0,0.0,0.0,0.0,0.0,0.0,24.9394673123,-64.406779661,-100.0,-52.5423728814,-8.47457627119
p061,-13.5842880524,-10.6382978723,-21.4402618658,0.818330605565,46.317512275,0.0,0.0,0.0,0.0,0.0,0.0,0.0,0.0,0.0,0.0,0.0,0.0,0.0,0.0,0.0,0.0,0.0,0.0,0.0,0.0,0.0,0.0,0.0,0.0,0.0,-2.85714285714,0.0,-20.0,20.0,-20.0
p062,-4.4794188862,-11.0169491525,-8.47457627119,-6.77966101695,25.8474576271,0.0,0.0,0.0,0.0,0.0,-4.7619047619,33.3333333333,166.666666667,33.3333333333,-33.3333333333,0.0,0.0,0.0,0.0,0.0,0.0,0.0,0.0,0.0,0.0,37.1428571429,-60.0,-100.0,-73.3333333333,-20.0,9.09090909091,-45.4545454545,-100.0,-63.6363636364,63.6363636364
p063,8.10495626822,-6.9387755102,-21.6326530612,-37.9591836735,28.5714285714,0.0,0.0,0.0,0.0,0.0,0.0,0.0,0.0,0.0,0.0,0.0,0.0,0.0,0.0,0.0,0.0,0.0,0.0,0.0,0.0,0.0,0.0,0.0,0.0,0.0,3.39077265147,-15.953307393,-90.6614785992,-6.61478599222,-1.94552529183
p064,-8.38055472711,27.7661795407,-9.8121085595,23.5908141962,-6.05427974948,0.0,0.0,0.0,0.0,0.0,0.0,0.0,0.0,0.0,0.0,0.0,0.0,0.0,0.0,0.0,0.0,0.0,0.0,0.0,0.0,14.2857142857,0.0,-100.0,-33.3333333333,0.0,46.9387755102,-100.0,-100.0,-100.0,-14.2857142857
p065,-18.8693659282,17.9144385027,-45.4545454545,9.6256684492,51.6042780749,0.0,0.0,0.0,0.0,0.0,0.0,0.0,0.0,0.0,0.0,0.0,0.0,0.0,0.0,0.0,0.0,0.0,0.0,0.0,0.0,0.0,0.0,0.0,0.0,0.0,-14.2857142857,50.0,-100.0,100.0,-100.0
p066,-7.08625764093,29.3185419968,33.1220285261,-3.01109350238,29.3185419968,0.0,0.0,0.0,0.0,0.0,0.0,0.0,0.0,0.0,0.0,0.0,0.0,0.0,0.0,0.0,0.0,0.0,0.0,0.0,0.0,0.0,0.0,0.0,0.0,0.0,14.2857142857,-100.0,-100.0,-100.0,100.0
p068,2.4453024453,3.5527136788e-15,33.3333333333,-11.1111111111,8.10810810811,0.0,0.0,0.0,0.0,0.0,0.0,0.0,0.0,0.0,0.0,0.0,0.0,0.0,0.0,0.0,0.0,0.0,0.0,0.0,0.0,0.0,0.0,0.0,0.0,0.0,-29.8701298701,36.3636363636,-100.0,54.5454545455,22.7272727273
p069,-17.6543980037,40.1746724891,203.930131004,51.0917030568,-14.8471615721,0.0,0.0,0.0,0.0,0.0,0.0,0.0,0.0,0.0,0.0,-31.4285714286,140.0,380.0,140.0,-100.0,0.0,0.0,0.0,0.0,0.0,-14.2857142857,-100.0,-100.0,-100.0,200.0,17.4353205849,-24.4094488189,-100.0,0.787401574803,-62.2047244094
p070,-11.2869637651,18.9504373178,1.45772594752,25.3644314869,1.45772594752,0.0,0.0,0.0,0.0,0.0,0.0,0.0,0.0,0.0,0.0,0.0,0.0,0.0,0.0,0.0,0.0,0.0,0.0,0.0,0.0,0.0,0.0,0.0,0.0,0.0,-14.2857142857,80.0,-100.0,60.0,-40.0
p071,-2.52100840336,22.6890756303,61.3445378151,15.406162465,-14.2857142857,0.0,0.0,0.0,0.0,0.0,0.0,0.0,0.0,0.0,0.0,0.0,0.0,0.0,0.0,0.0,0.0,0.0,0.0,0.0,0.0,0.0,0.0,0.0,0.0,0.0,33.7979094077,-17.0731707317,-100.0,-44.7154471545,-51.2195121951
p072,2.53671562083,52.8037383178,202.803738318,13.0841121495,-28.5046728972,0.0,0.0,0.0,0.0,0.0,0.0,0.0,0.0,0.0,0.0,0.0,0.0,0.0,0.0,0.0,0.0,0.0,0.0,0.0,0.0,0.0,0.0,0.0,0.0,0.0,6.05892162312,-20.6225680934,2.72373540856,-0.389105058366,-20.6225680934
p073,-8.49220103986,26.863084922,-100.0,12.3050259965,11.2651646447,0.0,0.0,0.0,0.0,0.0,0.0,0.0,0.0,0.0,0.0,0.0,0.0,0.0,0.0,0.0,0.0,0.0,0.0,0.0,0.0,42.8571428571,-100.0,-100.0,-100.0,0.0,-1.5037593985,15.7894736842,15.7894736842,31.5789473684,-42.1052631579
p074,3.33004926108,19.1724137931,-66.8965517241,0.413793103448,-12.275862069,0.0,0.0,0.0,0.0,0.0,0.0,0.0,0.0,0.0,0.0,0.0,0.0,0.0,0.0,0.0,-42.8571428571,-100.0,-100.0,-100.0,300.0,0.0,0.0,0.0,0.0,0.0,0.0,0.0,0.0,0.0,0.0
p075,-6.79908326967,15.5080213904,28.3422459893,7.66488413547,12.2994652406,0.0,0.0,0.0,0.0,0.0,0.0,0.0,0.0,0.0,0.0,0.0,0.0,0.0,0.0,0.0,0.0,0.0,0.0,0.0,0.0,0.0,0.0,0.0,0.0,0.0,-5.26315789474,26.3157894737,-36.8421052632,5.26315789474,10.5263157895
p076,11.4427860697,-15.4228855721,-24.3781094527,-4.4776119403,-33.3333333333,0.0,0.0,0.0,0.0,0.0,0.0,0.0,0.0,0.0,0.0,0.0,0.0,0.0,0.0,0.0,0.0,0.0,0.0,0.0,0.0,0.0,0.0,0.0,0.0,0.0,0.0,0.0,0.0,0.0,0.0
p077,-3.11926605505,7.88990825688,18.8990825688,4.95412844037,3.48623853211,0.0,0.0,0.0,0.0,0.0,0.0,0.0,0.0,0.0,0.0,0.0,0.0,0.0,0.0,0.0,0.0,0.0,0.0,0.0,0.0,0.0,0.0,0.0,0.0,0.0,5.49450549451,-53.8461538462,-100.0,-7.69230769231,-7.69230769231
p078,-6.86352753392,19.8324022346,161.452513966,13.4078212291,3.91061452514,0.0,0.0,0.0,0.0,0.0,0.0,0.0,0.0,0.0,0.0,0.0,0.0,0.0,0.0,0.0,0.0,0.0,0.0,0.0,0.0,0.0,0.0,0.0,0.0,0.0,-31.4285714286,20.0,-100.0,60.0,20.0
p079,-21.3032581454,23.6842105263,5.26315789474,28.0701754386,32.4561403509,0.0,0.0,0.0,0.0,0.0,0.0,0.0,0.0,0.0,0.0,0.0,0.0,0.0,0.0,0.0,0.0,0.0,0.0,0.0,0.0,0.0,0.0,0.0,0.0,0.0,2.85714285714,20.0,60.0,33.3333333333,-60.0
p080,-5.66356720203,14.4970414201,144.970414201,4.73372781065,12.7218934911,0.0,0.0,0.0,0.0,0.0,0.0,0.0,0.0,0.0,0.0,0.0,0.0,0.0,0.0,0.0,0.0,0.0,0.0,0.0,0.0,0.0,0.0,0.0,0.0,0.0,0.0,0.0,0.0,0.0,0.0
p081,-24.6568378241,48.3985765125,66.5480427046,35.9430604982,32.384341637,0.0,0.0,0.0,0.0,0.0,0.0,0.0,0.0,0.0,0.0,-4.7619047619,100.0,-100.0,33.3333333333,-33.3333333333,0.0,0.0,0.0,0.0,0.0,0.0,0.0,0.0,0.0,0.0,0.0,0.0,0.0,0.0,0.0
p082,2.09523809524,-12.0,-18.2222222222,-27.1111111111,33.3333333333,0.0,0.0,0.0,0.0,0.0,0.0,0.0,0.0,0.0,0.0,0.0,0.0,0.0,0.0,0.0,0.0,0.0,0.0,0.0,0.0,0.0,0.0,0.0,0.0,0.0,71.4285714286,-100.0,-100.0,-100.0,-100.0
p083,-7.13275409174,23.9038189533,8.62800565771,-3.8189533239,30.6930693069,0.0,0.0,0.0,0.0,0.0,0.0,0.0,0.0,0.0,0.0,33.3333333333,-33.3333333333,-100.0,-11.1111111111,-100.0,0.0,0.0,0.0,0.0,0.0,0.0,0.0,0.0,0.0,0.0,16.3265306122,-35.7142857143,-100.0,14.2857142857,-78.5714285714
p084,-15.4895666132,-15.7303370787,-15.7303370787,1.68539325843,51.6853932584,0.0,0.0,0.0,0.0,0.0,0.0,0.0,0.0,0.0,0.0,0.0,0.0,0.0,0.0,0.0,0.0,0.0,0.0,0.0,0.0,14.2857142857,0.0,-100.0,33.3333333333,-100.0,12.0359955006,-57.4803149606,-100.0,-71.6535433071,65.3543307087
p085,-5.54468362688,1.3698630137,82.6484018265,1.06544901065,17.8082191781,0.0,0.0,0.0,0.0,0.0,0.0,0.0,0.0,0.0,0.0,0.0,0.0,0.0,0.0,0.0,0.0,0.0,0.0,0.0,0.0,7.14285714286,-100.0,-100.0,0.0,-25.0,0.0,0.0,0.0,0.0,0.0
p086,-29.2576419214,106.986899563,93.8864628821,56.3318777293,17.903930131,0.0,0.0,0.0,0.0,0.0,42.8571428571,-100.0,-100.0,-33.3333333333,-100.0,0.0,0.0,0.0,0.0,0.0,-8.88030888031,-100.0,-100.0,-6.30630630631,40.5405405405,0.0,0.0,0.0,0.0,0.0,0.0,0.0,0.0,0.0,0.0
p087,-6.33508803776,6.73443456163,12.833545108,-1.39771283355,24.2693773825,0.0,0.0,0.0,0.0,0.0,0.0,0.0,0.0,0.0,0.0,-4.7619047619,-33.3333333333,-100.0,-11.1111111111,33.3333333333,0.0,0.0,0.0,0.0,0.0,0.0,0.0,0.0,0.0,0.0,0.0,0.0,0.0,0.0,0.0
p088,11.1707841031,-45.8646616541,-54.8872180451,-38.3458646617,18.4210526316,-28.5714285714,0.0,-100.0,33.3333333333,50.0,0.0,0.0,0.0,0.0,0.0,0.0,0.0,0.0,0.0,0.0,0.0,0.0,0.0,0.0,0.0,0.0,0.0,0.0,0.0,0.0,10.2040816327,-14.2857142857,-100.0,14.2857142857,-57.1428571429
p089,-13.0897009967,6.97674418605,-10.6976744186,0.46511627907,45.1162790698,0.0,0.0,0.0,0.0,0.0,0.0,0.0,0.0,0.0,0.0,0.0,0.0,0.0,0.0,0.0,0.0,0.0,0.0,0.0,0.0,0.0,0.0,0.0,0.0,0.0,0.0,0.0,0.0,0.0,0.0
p090,2.45535714286,1.953125,45.3125,5.46875,-16.796875,0.0,0.0,0.0,0.0,0.0,0.0,0.0,0.0,0.0,0.0,0.0,0.0,0.0,0.0,0.0,0.0,0.0,0.0,0.0,0.0,2.08667736758,-79.7752808989,-100.0,-34.8314606742,44.9438202247,-100.0,300.0,700.0,300.0,-100.0
p091,-6.94830461367,62.2568093385,26.0700389105,22.1789883268,-8.94941634241,0.0,0.0,0.0,0.0,0.0,0.0,0.0,0.0,0.0,0.0,14.2857142857,33.3333333333,-100.0,-11.1111111111,-33.3333333333,0.0,0.0,0.0,0.0,0.0,0.0,0.0,0.0,0.0,0.0,-22.0779220779,63.6363636364,554.545454545,9.09090909091,63.6363636364
p092,-10.8479755539,39.5721925134,47.5935828877,18.1818181818,10.6951871658,0.0,0.0,0.0,0.0,0.0,0.0,0.0,0.0,0.0,0.0,0.0,0.0,0.0,0.0,0.0,0.0,0.0,0.0,0.0,0.0,0.0,0.0,0.0,0.0,0.0,0.0,0.0,0.0,0.0,0.0
p093,-2.78745644599,4.26829268293,75.6097560976,-14.0243902439,30.7926829268,0.0,0.0,0.0,0.0,0.0,0.0,0.0,0.0,0.0,0.0,0.0,0.0,0.0,0.0,0.0,0.0,0.0,0.0,0.0,0.0,-14.2857142857,50.0,-100.0,100.0,-100.0,0.0,0.0,0.0,0.0,0.0
p094,-11.4474929044,26.1589403974,90.7284768212,-3.5527136788e-15,40.0662251656,42.8571428571,-100.0,-100.0,-100.0,0.0,0.0,0.0,0.0,0.0,0.0,0.0,0.0,0.0,0.0,0.0,0.0,0.0,0.0,0.0,0.0,0.0,0.0,0.0,0.0,0.0,14.2857142857,100.0,700.0,33.3333333333,-100.0
p095,-2.7027027027,9.24608819346,-11.2375533428,2.98719772404,4.9786628734,0.0,0.0,0.0,0.0,0.0,0.0,0.0,0.0,0.0,0.0,0.0,0.0,0.0,0.0,0.0,0.0,0.0,0.0,0.0,0.0,0.0,0.0,0.0,0.0,0.0,0.0,0.0,0.0,0.0,0.0
p096,11.5599902653,-18.2282793867,-67.2913117547,-29.1311754685,3.23679727428,-42.8571428571,-100.0,-100.0,-100.0,300.0,0.0,0.0,0.0,0.0,0.0,0.0,0.0,0.0,0.0,0.0,0.0,0.0,0.0,0.0,0.0,0.0,0.0,0.0,0.0,0.0,-21.7816404128,20.9125475285,100.760456274,49.0494296578,2.66159695817
