,f_ang,f_ang,f_ang,f_ang,f_dis,f_dis,f_dis,f_dis,f_fea,f_fea,f_fea,f_fea,f_hap,f_hap,f_hap,f_ntr,f_sad,f_sad,f_sup,f_sup,f_sup,f_sup,m_ang,m_ang,m_ang,m_dis,m_dis,m_dis,m_dis,m_fea,m_fea,m_fea,m_fea,m_hap,m_hap,m_hap,m_ntr,m_sad,m_sad,m_sup,m_sup,m_sup,m_sup
,AU9,AU7,AU6,AU22+23+25,AU10+16+19+25+26,AU9,AU6,AU4,AU2,AU1,AU20+25,AU5,AU12,AU25,AU6,AU25,AU15+25,AU1+4,AU2,AU1,AU25+26+27,AU5,AU25+29,AU7,AU4,AU10+16+19+25+26,AU4,AU6,AU9,AU1,AU2,AU20+25,AU5,AU12,AU25,AU6,AU25,AU1+4,AU15+25,AU1,AU2,AU5,AU25+26+27
,,,,,,,,,,,,,,,,,,,,,,,,,,,,,,,,,,,,,,,,,,,
p001,54.1820873428,10.6587712806,55.5637799162,33.4566987417,76.0055478502,-23.8557558946,11.0957004161,50.9015256588,8.19843950157,-16.3502969605,25.5269593571,135.274251776,-2.42656449543,-10.363072432,-32.0561941251,21.5989515072,17.3798551678,81.0533245557,-16.0704845815,-26.6431718062,13.6337319069,-65.40969163,,,,-9.56263899192,-71.9771259134,-31.8161601186,-42.5203854708,0.239186764941,-39.9920271079,-37.9111022523,-62.1885588998,-38.7214611872,78.1735159816,58.4474885845,46.6643381069,,,-100.183621006,-71.3918472274,44.8035255235,-32.3172970988
p002,105.856407743,27.640284244,102.425876011,68.8066650331,116.35610766,-58.7991718426,1.27987954073,71.635610766,5.51205762595,-4.58502975265,5.51205762611,167.065455684,-49.9591436509,-27.8196717485,-7.0207550253,27.6377217553,20.9871745045,80.2642829382,-56.0842105263,-73.7684210526,2.02105263163,-45.1368421053,-0.299525750952,40.0116482236,43.8306015476,28.2880886427,-87.8322121092,-43.9224376731,-103.711911357,58.9587559162,7.19405003382,-36.1392832995,2.09601081811,-19.6884735203,103.676012461,55.07788162,20.5646860514,76.0918796506,-22.7758007117,-79.8534798536,-62.7594627595,-51.6483516484,-37.1184371185
p003,49.8781082398,26.3286201852,50.9019990248,91.8576304241,92.4444444444,39.111111111,80.8080808081,47.1111111111,48.66359447,117.235023042,-35.1459293395,162.949308756,26.1951648719,35.5685375503,31.7358696108,83.0333205669,-2.42362177845,33.2377538829,13.7258883249,25.9086294416,24.4583031181,63.1336717427,46.176046176,105.050505051,85.4256854258,-15.9651911974,52.4427125045,12.0157309012,-14.0574010543,50.6482758621,-58.7917241379,-35.7517241379,-54.9517241379,76.4625850339,33.3786848072,-31.0204081633,75.2613240416,-30.4985337243,30.1075268817,5.47945205479,23.2876712329,36.301369863,80.0
p004,6.72052882845,66.1035622473,16.7462357693,27.5431509365,83.1932773109,-3.02521008402,32.268907563,30.5042016807,-10.6139438086,28.0957336106,68.9559486645,-23.5171696149,87.3328641801,114.446566804,21.6185784659,-61.6940581542,52.8491404289,6.86111647672,35.7341211226,49.9143279173,55.4851234437,7.37370753324,46.9126781147,194.117647059,91.6331750092,-22.9389846297,2.66152105927,2.57723955902,3.16721006054,-67.0192511107,-49.3505394542,32.3672519568,72.8580495028,-8.78612716767,27.0520231214,16.1849710982,47.8405315615,,,0.427502671953,-20.5201282507,15.3900961881,-4.56002850017
p005,-29.8403602128,-30.6999590667,-19.2386410151,52.6811297585,64.7281921618,-7.18078381797,-13.938627744,-26.2958280658,-26.03085554,-43.4221598879,11.0705937354,57.4474053296,55.2460752268,42.4289857742,31.5344597395,-2.78745644598,-13.6121942574,-82.1836228288,81.722113503,79.3737769081,38.1101481688,-29.4324853229,27.7453354222,82.9511465603,64.5492095143,26.0221368873,-38.723417987,-19.4714253445,-46.0808674046,88.289518607,46.7053601911,34.8241720724,135.814271082,-25.2104664392,10.739476678,-0.364050056905,47.5734791524,-5.11863503066,133.724340176,115.853658536,56.0975609756,-52.4390243902,38.0487804878
p006,34.4143661217,113.213615653,31.4124899491,43.4199946395,53.8461538463,56.5934065934,6.59340659339,-43.4065934066,128.545343883,110.432136336,54.0799350781,116.469872185,44.6741500445,-7.11574624195,10.3884357587,47.4725274726,19.994424127,34.8800367352,24.4566596195,108.177589852,29.1682271217,99.7209302325,8.78286798589,191.271347249,130.441854161,52.5863183759,-72.6681568787,-37.2171214276,-67.192551403,6.6169617894,26.6169617894,32.292637465,68.7791239515,29.7274031563,127.862266858,-34.6628407461,81.4142379361,61.3927852171,0.932763311337,-83.4467120181,37.1882086168,11.7913832199,46.0770975057
p007,14.0743871513,-15.2155536771,-6.93153000844,29.1631445478,22.9144289294,-52.7031865377,-22.0811769684,-55.7107053347,3.97022332506,-26.7990074442,-78.0810587263,3.97022332506,19.7805225217,27.7698700583,9.87373157626,77.5398987933,-13.5916939648,-11.9393703848,28.2071713148,18.6454183267,-2.86852589644,65.6573705178,13.9318885449,144.19504644,117.691287041,40.6094182826,-29.3153937475,-18.6888273314,-21.4958448753,103.94682177,50.4528458662,53.3444121314,75.0311591192,50.480620155,79.6279069767,43.4108527132,71.8367346939,-35.8061171013,8.43861155402,6.0372060371,-10.6704106705,53.2116532115,37.2902772902
p008,22.8110599078,47.0046082949,21.7357910906,17.1658986175,4.06228842241,-11.7806364253,-32.2028682219,-41.6384563304,,,,,54.7877455696,69.5856966224,20.684159912,18.7012987013,24.5775729647,215.053763441,-30.6410958904,-55.298630137,5.99295499022,25.2493150685,22.2910216718,82.1248166857,86.8735305757,4.95764477155,38.0899478248,2.0552701014,13.6647687822,-17.2713643178,-33.9670164917,3.5982008995,-6.83658170906,-29.5207667732,-7.15654952072,31.4376996805,74.8768472907,17.324610873,101.240694789,5.18053375206,-10.2040816326,112.323390895,21.2244897959
p009,-17.3063820123,-12.5369066546,-32.8866681808,70.4519645697,23.1292517007,-25.8503401361,-19.7897340755,-18.7074829932,122.665908768,78.6130453317,42.7833830704,-0.68210885319,66.8743047831,56.3673923407,-4.35150166855,115.329419439,-2.33425190462,7.31398930141,-7.84029038113,-27.4410163339,69.9403681617,-6.38838475501,44.1600493408,64.8677819751,67.2268907563,33.3503426155,2.899214796,-7.23137483598,-75.9294357778,-69.1187739463,-98.4521072797,19.7701149425,-11.3409961686,13.2934131735,9.10179640716,10.0598802395,2.74285714286,17.084909673,-53.9768529919,16.7388167388,45.0216450217,9.46608946612,7.84992784995
p011,3.57142857145,44.7478991597,0.140056022429,21.218487395,13.4207077326,14.0498034076,1.63946145597,16.25163827,-91.2035237725,-87.9906723669,7.32391933334,165.824588677,12.9011706618,29.1334372404,-7.05263996177,100.372670808,-129.032258065,-49.0322580645,30.4168421053,5.15368421059,82.0258646616,24.522105263,-38.4424192212,226.346313173,151.497218606,37.0588235295,60.5042016806,5.49019607841,-47.0588235294,-39.3608074012,-73.8323521167,-27.9786935801,41.9400056068,44.091456077,-20.4091456077,39.4705174488,92.5964546404,,,82.1245421248,16.9963369964,35.9706959706,-26.9010989011
p012,31.5997366689,107.175773535,27.9131007242,50.9545753785,5.59591068067,-44.1216034436,-28.0969501308,-5.70352434756,-39.5934600088,-53.2920901458,40.7718367948,15.2010605391,17.6256909713,50.8645132177,8.46538562778,31.3527180783,158.974153476,58.5021037869,-69.8181818182,-42.5454545455,140.571428571,-69.8181818182,56.5552094965,99.7120526533,46.964799906,3.14908610439,40.2680341019,-2.2902444396,31.1825589076,62.5155048375,86.688166708,109.997519226,131.580253039,61.2283464566,53.6692913386,-1.51181102361,,,,-22.3776223777,-33.5664335665,32.1678321678,-15.6643356644
p013,39.8881239243,28.1411359725,26.3339070568,57.056798623,40.8571428571,-18.2857142857,16.6233766234,52.2142857143,-5.32258064516,-5.32258064516,34.6774193548,9.67741935484,71.5354586858,47.6810112464,31.3467794405,0.68434559444,-13.6121942573,171.003190358,-18.7651006711,-2.6577181208,48.828379674,82.5771812079,15.9039615847,53.781512605,35.4957983193,10.3872889772,7.85359625484,5.48162859985,6.99106256213,37.00265252,55.4641909815,145.175729443,62.9641909815,88.2022471911,25.8426966292,3.59550561798,82.1940237414,74.4030163385,61.935483871,34.0837365874,62.9497159688,140.122028193,19.5918367347
p014,75.1485802333,192.559982391,63.7464230685,40.0176095092,1.42850176132e-11,50.7288629737,29.5785846806,-13.556851312,44.4903225806,11.6903225806,11.423655914,2.89032258065,27.2413793103,28.6699507389,-28.091954023,17.5415282392,-68.6165710524,-2.84397630025,10.6666666666,5.03286384974,18.7149564051,44.469483568,59.5150321709,32.8898861996,22.1464062464,27.5752773375,-11.9538148065,-8.87480190174,30.4278922345,21.6475095785,-41.6858237548,11.9252873563,57.7586206896,118.826979472,121.759530792,39.6480938417,67.6728676729,-30.8815608356,110.86240948,31.4396028682,-26.4754550469,43.0226144511,-11.0314396028
p015,132.589285714,235.714285714,102.191558442,20.0892857143,25.2672497571,-16.1321671526,13.1813764467,22.6433430516,9.45959962662,32.6107250285,69.4810358538,271.839020848,45.3639846743,43.6708629811,12.7713920817,20.1192636765,-66.9415474169,-11.0016977928,106.782608696,45.9130434782,-6.26086956524,-0.463768115945,50.8068714211,64.9661634564,12.374507325,4.0834845735,11.5398213402,-5.47764395313,15.8389704669,-49.0305790501,-18.2381262199,12.1014964216,113.988288875,78.1093057607,88.1536189069,8.27178729691,41.952983725,-3.53674531021,-46.2959961096,73.3333333333,16.2962962963,44.4444444443,-2.37037037035
p016,15.4990215263,84.5401174166,16.5949119373,56.5949119374,58.0608146873,36.0298336201,-7.34366035575,-20.5966724039,2.75268817207,50.752688172,-39.9139784946,2.75268817207,-15.1273609426,80.708963537,-2.76555189741,57.2785883951,-14.1321044547,56.3440860216,25.0350404313,16.948787062,21.1074316519,33.1212938005,4.58365164247,44.7914438503,45.7265087854,58.280909374,4.57000489387,5.38150108999,-20.1806290875,-10.9877264757,-44.8860315606,2.57159555817,22.9105786089,71.6097560975,85.2682926829,11.9024390244,30.9523809524,15.6230865909,90.7479617157,-2.66509896139,47.8150107779,76.3472467177,6.7724867725
p017,-37.9310344828,-29.8850574713,-44.4444444445,18.3908045977,54.693877551,35.5918367347,37.4619666048,33.8775510204,149.482653682,60.8034083991,61.4323392169,187.218502739,107.175348496,1.6434336023,-3.8033749083,93.5064935065,-9.83102918586,73.9784946236,-14.6409266409,20.1081081081,66.7710976283,79.5675675676,42.1606295328,84.9129871997,58.9262599905,40.46735095,-25.5077527845,6.02751692507,24.2847783359,42.3956442832,55.8693284937,-6.02540834846,46.6061705989,49.1210191084,33.8343949045,-9.57961783443,52.357494722,,,33.5309973046,11.6442048518,31.2668463612,10.4366576819
p018,12.2241086587,55.0084889644,24.4482173175,37.6910016977,91.4285714286,103.428571429,79.7922077922,37.4285714286,,,,,6.3660477453,76.6957180751,43.9728853523,23.3486943165,,,-27.5443037975,-32.6075949367,42.6184448464,56.8438818566,10.2742983985,19.9778024417,36.1503091803,16.6438139436,21.6252052978,28.2670604366,39.4895053265,-132.413793103,-132.413793103,-52.4137931034,-52.4137931034,70.0383141763,115.249042146,42.9118773946,54.7418967586,74.2202079446,-11.7302052786,-63.0092341119,-20.423682781,51.0592069529,32.5040738729
p019,45.292955892,187.228439763,48.3651525127,-8.16326530613,1.51371807004,-9.83916745513,-36.3292336802,-54.8722800378,109.857632006,42.8185258605,38.3492521175,127.734726978,21.7435518165,33.6929964738,-47.7470648054,-20.8695652174,13.5593220339,14.9152542373,13.7777777778,2.66666666665,54.5185185186,69.3333333333,-24.4897959184,85.7142857143,38.4839650146,14.9584487535,22.8531855956,30.0900277008,50.4847645429,-65.6338497418,-31.2377144761,10.6946526736,114.076295186,54.5403111741,81.6973125883,13.125884017,-5.65770862803,128.342245989,-80.6722689075,53.1621187801,33.3868378812,12.7126805779,-3.28731942217
p020,3.45514950164,-28.1727574751,9.65669988924,36.9435215946,13.7205223153,-42.642759696,-4.39396892333,-3.35217306571,157.722112092,168.89529645,77.275184718,41.5209947739,39.0640394089,58.0436312456,-7.50738916257,1.20300751887,-31.227975061,52.7445230291,-22.2222222222,4.44444444446,48.8888888889,109.62962963,57.0000973363,169.520781285,75.532915869,43.4051997464,-5.21786393693,3.84696681463,-64.4261255549,-9.3034019903,57.5422355936,-3.26313353391,14.8576718353,16.9667077682,63.3292231813,44.784217016,22.4299065421,62.8017144147,113.151364764,34.7944583239,-5.26913468089,76.7658414717,22.9661594367
p021,63.3647155137,97.7486696683,53.0495292673,13.5079819893,43.0528375734,-28.180039139,-26.187511119,-43.2485322896,-92.9032258065,147.096774194,-92.9032258065,227.096774194,26.4079015768,-8.05010273034,-39.9237567146,61.4405093514,8.89026084277,75.4931316561,-18.2704507513,-4.24707846411,20.6515621274,61.8631051753,19.0998433271,40.5284147556,20.5526278307,10.6903235426,-16.8693688896,8.14074847177,-24.153869092,-24.2568370987,4.39037775535,4.39037775546,29.8545687368,37.515842839,88.2129277566,22.9150823828,34.6814082048,64.7573885735,-30.3210554412,-46.8202764977,2.21198156694,88.66359447,31.1152073733
p022,76.5053128689,50.0590318772,44.5493900039,-39.1971664699,88.5976408913,105.111402359,59.573454069,41.8086500655,,,,,53.691904048,59.9807239238,0.539730134971,16.9731258839,35.8493564277,172.992213571,-8.79999999999,-37.6888888889,-5.94285714283,-46.5777777777,77.7985805721,8.96068271867,8.5165672487,6.59697188174,34.4834689463,33.3093006489,8.65176640236,,,,,113.815789474,118.421052632,51.052631579,-25.4693877552,-117.637201508,24.7004608296,18.2592242196,-27.4361400189,77.8618732261,24.2194891203
p023,77.7437155121,101.778050276,47.4146740242,47.700797057,82.3680823681,6.69240669249,29.2968292969,22.9086229086,-87.3761747524,22.8600457202,-24.3840487682,63.8049276098,82.3484168696,7.1492665776,-68.7296500449,77.0764119601,-11.7599020008,-5.68395263369,38.5222929936,7.9490445859,-0.786169244709,23.2356687899,-5.97572362285,27.8867102397,70.2147525677,34.3457943925,-25.6341789052,0.93457943924,11.214953271,84.3366452367,10.0993571011,51.2857977791,241.963763881,37.1014492754,99.9033816424,24.347826087,43.3497536946,42.0705789318,20.0072490032,-104.446546831,-104.446546831,14.7587511825,-64.1816461684
p024,39.1747192479,83.0504048055,55.2624706189,67.6939148602,19.8445905559,-17.0950388523,15.084497093,14.2857142857,-36.310585184,3.89041984118,19.9708218512,84.2924298915,88.429118774,33.1910235359,48.429118774,18.2995252482,3.1980456388,56.8985619899,53.3454545454,56.0727272727,6.98181818186,21.5272727273,-13.6812619785,75.5417956657,46.4691139614,60.4000404081,17.8719351161,0.323264976268,-5.8187695727,23.8244514106,31.0971786834,23.8244514106,60.1880877742,53.7142857142,79.746031746,4.57142857137,38.5670057496,26.4750125355,167.407655023,10.4515762568,74.0698665153,115.421755183,19.9943197955
p025,24.4461420931,129.258976318,10.8989050165,24.4461420932,64.1686182671,48.7119437938,57.6538215883,29.0398126464,-3.40304856424,29.5639844028,66.9266217653,66.9266217654,20.5492911618,37.7619292699,-26.9948065316,11.1498257841,49.3708738426,63.3431085043,-35.3319587629,-15.5381443299,15.2129602357,95.8020618557,74.9234273149,37.2732270478,58.9020654992,31.7516987216,18.7163751831,-17.9200737072,-8.29206495449,18.1665264928,-52.0773759461,-11.1017661901,76.7031118587,71.4209115282,34.9597855228,16.7292225201,51.4619883041,36.1960620025,25.8064516129,25.0127097102,-13.4214539908,12.2013218099,24.7280122013
p026,31.4024958093,104.153473645,34.7923263178,-10.0577388713,35.4740061162,43.8619484492,22.8444338536,8.99956312799,-26.6812465829,-43.6303991252,-13.1219245489,217.386550027,-6.29202393438,69.4554843711,4.44142865953,19.5816644415,29.7903969081,53.5691987514,12.1361426255,12.1361426255,31.585089141,19.9157212317,9.01126408007,72.8410513142,38.1905953872,9.99333777482,-24.7263728943,2.39840106596,2.39840106597,41.9860451006,-26.9875619375,52.5432298513,133.481646273,-11.0625909753,50.0727802038,-9.31586608445,-31.9176319176,2.01868648994,-53.5133783445,32.688172043,12.0430107527,84.3010752688,17.8924731182
p027,71.5088282504,96.7897271267,42.2953451043,25.1605136437,1.88902007084,-115.702479339,-75.7325319309,-46.2809917356,101.265822785,212.658227848,81.0126582278,121.518987342,-7.53677215449,27.3129844344,17.5631103367,-19.2675684592,-20.0131665569,37.4562211981,-55.5608591885,-24.0572792363,-6.05523354928,-75.6085918854,32.596568039,125.753830944,86.378080644,71.2441481061,-52.8220821596,-25.2518087672,-30.6426443467,4.95788971874,-45.9176863181,10.4878436358,110.027014143,56.1275626423,69.7949886104,5.83143507977,89.7959183672,25.8719834859,-15.5703730402,-8.49110728623,-27.76821572,189.09925416,-3.02925989676
p028,8.72774641772,13.2870169345,24.2292661745,30.6122448979,26.0869565217,9.93788819879,-16.9395821569,-4.19254658381,98.3102918588,79.2626728112,-24.4410308927,72.9134664619,0.57009382796,53.3173465752,-4.38972247515,-6.72268907567,-19.9163091265,32.6288468669,54.8571428572,37.7142857142,-9.79591836736,9.14285714286,-30.5029474476,68.7152472929,54.7848990342,35.7071112897,26.7921712679,30.9361189233,-39.2928887103,-45.6091954022,-62.6758620689,-8.27586206893,-8.27586206902,121.553398058,95.3398058252,-35.145631068,9.48222083594,3.76688282189,-61.7900954111,19.0476190477,-33.0158730159,133.333333333,1.66640035104e-11
p029,24.2157842158,0.719280719232,34.8451548451,28.4115884115,27.7850589777,-72.870249017,-58.85857262,-48.0996068152,,,,,71.7499539001,58.2281815547,-10.7099391481,15.9389571853,,,41.5670103093,4.45360824744,66.3092783505,83.9823269515,-35.5711515375,192.372333549,141.508911257,45.8388157895,61.2406015038,55.5263157895,-69.4736842105,65.8307210032,33.1034482759,38.5579937304,-97.8056426333,43.6666666667,-15.7777777778,-23.3333333334,-11.6119174943,,,-45.9365593887,8.52049085436,37.6939106276,14.7441537393
p030,0.439560439576,-23.1501831502,-6.05616605615,100.952380952,32.5449385053,62.8192999054,10.3208050228,-20.6244087039,-23.6300038865,87.2133696074,-55.7585179427,72.7555382821,33.9672947032,26.2353359403,21.286882332,21.3649851632,62.3534961357,61.8135636271,-10.2564102563,-18.4615384614,-16.4102564102,46.4957264959,92.9615158165,-7.49344323721,-17.6845260398,-19.2129469535,11.7613350064,-15.2707656131,-8.9632754686,-18.6452228431,28.7856071965,-21.0167643451,92.8172277498,12.6967741935,71.0193548386,7.43225806449,-19.7044334975,74.6122421305,-31.3257505127,56.6886213944,74.4946627298,-21.530774472,56.1798773563
p031,51.9906323184,83.2872045984,40.3661911858,30.530125612,37.2724467756,92.0703486578,39.7632604976,40.2344955261,31.5349166962,48.2382133995,8.09169325302,28.0184331796,85.6774932037,61.2554422256,-23.5341250536,10.6794182107,40.5305159042,64.154209284,-28.4511278195,-14.917293233,-9.33190118152,121.423558897,-31.2022681413,71.4464509207,31.3248703736,-5.11489992584,-9.09880334639,13.1949592291,-34.6923647146,-14.8881640261,-35.5638397018,9.43616029819,21.5983224604,33.2258064516,9.03225806448,27.0967741935,12.5345622119,,,-50.8863399374,16.2669447342,30.1355578727,32.6173096976
p032,8.12807881771,56.4039408866,-6.81444991791,17.6108374384,70.1477832512,-29.1625615764,4.69323779667,-6.40394088672,11.7774410046,-15.0681965793,-2.54023237348,76.2069712057,15.031434559,78.2516397682,-0.548675938285,7.619047619,-19.1939141248,53.0056323605,4.24834874505,48.6340819022,43.8784676354,5.83355350063,37.642454242,96.9379532634,101.047542305,24.4811220514,15.2521276272,-12.1272224977,-72.4233194021,27.4630541873,56.748768473,48.8916256158,73.8916256158,38.9830508475,53.1073446328,42.7118644068,-39.1389432485,179.472140762,161.290322581,48.0146052031,53.1264262893,-3.74258329532,19.6439981744
p033,63.1578947369,156.937799043,70.8133971292,80.3827751196,24.649859944,30.8554190908,23.2865174042,-12.5834949364,120.430107527,67.0967741935,-21.7921146953,13.7634408602,38.2630906769,32.5488049625,-1.14431673051,47.2331558231,,,11.2894736841,-20.2894736842,90.5187969925,-10.4210526316,58.2787597798,105.963488844,86.6531440163,126.070720037,7.76219928976,71.7469949819,12.323491656,-30.5623122049,27.1970238947,54.0849906997,133.753040492,9.57678355502,46.8198307133,49.3349455864,137.715587374,,,-77.0868347339,-51.9887955182,38.2072829132,0.0896358543488
p034,32.878953108,127.917121047,26.3904034897,63.7949836423,17.68707483,1.36054421767,11.3790970934,1.36054421769,109.378337962,119.974364452,70.5262408316,24.6101260413,-0.587635176492,24.568746903,-0.587635176487,131.689630167,40.2178466695,46.4516129033,-52.7304347826,-49.2521739131,2.42484472048,124.660869565,156.983874631,-27.186009539,-46.8771292301,29.9099258213,12.2924761569,-4.48604733305,-15.8954433063,44.3051201671,20.0626959247,44.3051201671,201.880877743,48.9655172415,153.563218391,33.1034482758,117.823971694,23.071311065,56.7741935483,40.0980993255,-25.9963212753,107.050889025,37.1796443899
p035,39.1896611947,108.138316452,13.272790779,31.8546978695,115.063168124,15.9378036929,27.5642724622,17.2983479106,-77.4193548387,-77.4193548387,82.5806451613,242.580645161,116.839532989,33.9598929444,-9.77464023892,-72.936109117,-8.84792626728,114.580645161,-126.757281553,-80.1553398058,-60.1830790568,44.1165048543,-16.2575622709,111.77526666,50.2210219815,5.12820512822,58.608058608,64.9572649572,184.615384615,51.528952505,-25.4521795706,43.0383864672,57.1893298632,88.5133020345,47.8247261345,-5.00782472612,-38.0952380952,,,-69.9507389163,-49.2610837439,5.91133004924,-26.2725779968
p036,46.015037594,104.661654136,22.8571428572,46.0150375939,-13.3333333333,-10.4761904762,-26.1125541126,-44.4761904762,-66.1654135338,-49.6240601503,-48.1203007518,84.2105263157,85.3135848183,57.7009290177,2.84378616058,-35.3362514922,17.4178215797,28.1915210781,-95.7686746988,-69.7445783133,0.0660929432164,31.460240964,89.6985367574,93.2949403538,27.3608744197,77.0981507823,54.1895278738,34.4555081397,78.8999525842,99.1589571068,47.9394449116,25.9882253995,172.329688814,38.2474226804,5.77319587629,64.5360824742,-11.5171650056,36.5132161625,76.2935700368,-1.3605442177,27.2108843537,51.0204081634,21.4965986394
p037,-12.5615763548,38.4236453199,-4.43349753702,56.8965517241,67.3393520978,8.70950610727,-26.5726838217,-15.8258098779,-91.3548387097,-79.3548387097,31.311827957,180.64516129,-19.9215362378,52.7559659006,9.3958290316,5.35714285714,16.9219477566,50.9391055335,-31.3043478261,20.8695652174,35.7763975155,125.217391304,-53.7088348853,150.461049285,66.1367249603,42.8394168131,15.8116312392,14.3521869507,81.1498293869,-38.4236453202,-26.178747361,22.8008444757,28.9232934552,41.369193154,57.5061124694,-4.1075794621,-32.3450134772,44.2138506655,-8.93300248138,-88.2602545969,-9.05233380477,48.3734087695,-34.3988684583
p038,33.9869281046,81.045751634,6.97167755992,-22.2222222222,21.5213358071,92.2077922079,51.4757969304,25.9740259741,101.283385362,135.691987513,55.4052491618,109.8855359,72.9970326411,91.5642221281,-12.1068249258,57.8849721707,-23.0474208414,66.9802289283,-9.82857142853,41.6,44.8653061225,45.4095238094,94.3825806184,120.139090119,57.2256488801,9.6657183499,17.020930705,32.773826458,68.4495021337,-54.1028950765,-7.25797529046,26.1110086668,96.6992439609,58.7939698492,71.3567839196,22.3115577889,-50.6981740064,-33.2711276993,-39.8826979472,50.2532928066,7.70010131722,71.5298885511,-28.0445795339
p039,37.8151260505,76.9455608333,26.8176835952,-28.169528681,27.6829553425,-2.05751695113,39.7219801475,15.6184241291,-55.4079696396,-49.5256166984,-8.34914611005,85.7685009487,70.751231527,54.6798029556,5.39408866994,12.3076923075,-26.4855687606,68.2512733446,56.0000000001,126.454545455,1.45454545454,22.6666666668,-48.8922841864,34.2245989306,-28.1130634071,4.13760304372,23.3716822176,43.595434369,46.6074825618,-43.837487197,-36.7087743257,-26.0157050187,104.677364288,127.542262679,67.2041612483,27.0481144343,116.144018583,25.1361541684,-42.396313364,-3.6866359447,-36.3748079877,37.603686636,33.8187403994
p040,72.5594276484,194.691899377,53.1733210247,-33.0948534503,-8.60909335486,-83.1853645413,-68.5988211412,-37.9876244283,98.5671596045,81.4650218373,33.9590835952,37.7595586545,4.42963896644,91.7105043153,7.56279823533,26.0818020154,-34.4860118291,53.5229870459,3.46025878005,43.3863216266,53.209400581,-15.0240295748,134.453781513,-94.1176470588,-94.1176470588,18.5511306784,34.0318476801,12.0872523514,115.509305583,-37.1352785146,-53.1352785146,-1.75066312994,150.557029178,21.0635538262,54.7859922179,38.1841763943,53.4954407296,75.8122243517,85.5473710947,38.7231815802,3.55834641547,38.7231815803,14.986917844
p041,103.246753247,89.6103896103,45.4545454545,-5.84415584414,-22.4248564674,-46.3356973995,-34.7302815387,-37.8250591016,30.1593470657,56.6653711621,-5.18201839618,49.4364554993,-14.7255453905,33.5980697697,-17.4806474314,-27.5862068966,70.7834101382,-2.55820476856,-8.02730375428,-5.97952218431,7.1847879083,58.8668941981,-32.7077981452,55.2270649193,31.2448295381,17.6420292609,5.34187454203,6.2701881057,82.0824624741,17.9373615943,-2.42961088267,15.1850680164,144.542866182,6.16891064871,4.70012239902,-2.93757649939,-74.5341614908,6.56364295365,36.3899963753,-16.0248447205,30.0621118013,106.583850931,35.9751552795
p042,11.6402116402,67.724867725,28.9241622575,48.6772486773,39.3442622951,-70.6088992974,-15.8398978071,-17.7400468384,-54.7409579668,42.228739003,-6.25610948195,-54.7409579668,22.2387974067,61.8870027787,21.839462964,-15.7273918741,25.4797876684,1.17599020014,-10.6666666666,-20.923076923,15.7069597069,78.2222222221,-34.8983279318,134.189921703,96.1596925461,57.0009930487,25.1950631295,29.9569678914,49.4538232374,-37.9997252369,-62.3821953565,11.0042588268,50.4464899025,39.9311531841,37.1772805508,-2.20309810676,34.4497607655,70.4836043722,-9.38416422289,0.824742267987,3.29896907223,-6.59793814429,1.31958762884
p043,16.8202764976,8.75576036864,17.8955453149,45.0460829493,6.43863179079,17.1313595861,-22.1589275915,14.7168726646,-31.7222162683,-17.104276069,62.1869753153,106.483763798,-19.2754255783,49.2960029931,11.7119161938,78.1954887219,12.7264692885,58.7538665487,-43.3548387097,23.0046082949,26.1645819618,74.6175115206,11.4467408585,38.4737678855,11.4467408584,24.0662139219,-2.27019160797,-27.7079796264,-39.3208828522,-62.0689655172,-41.2689655172,17.9310344828,201.931034483,24.347826087,42.7931488801,-3.16205533599,45.782111064,33.7444261438,-67.8745028722,-39.2156862745,36.6013071896,65.3594771242,25.7952069717
p044,29.1127005606,59.1532959598,30.4658805335,51.8461241059,120.576671035,71.0353866316,33.5041105683,7.73263433813,48.7388668513,69.1565002619,30.1773819326,126.69710351,66.145136387,56.6781854275,17.0705095213,78.7119856886,60.1610371194,21.3541297412,-39.5826086957,-69.147826087,4.8894409938,73.4608695653,57.9134420568,56.2194838411,21.3239445977,57.3886639676,-48.3306167517,-27.0518954729,-75.3036437247,-25.6405802137,-12.3408321028,-15.0612351255,-7.50456006264,26.7452135493,68.5714285713,19.3225331369,49.4669509595,71.862941812,48.8964346349,-34.5762711864,-13.5593220339,63.0508474578,-20.0677966101
p045,39.6358543418,197.478991597,14.472455649,-25.0700280112,34.0678385739,-42.5847982174,-3.63726394921,-12.4288190145,4.56114028503,2.70067516873,39.2898224556,-2.88072018007,40.7202542075,-23.8336219506,26.2492644463,72.434607646,47.6426799008,49.8146256022,74.5321100918,58.018348624,33.247706422,5.72477064217,47.5485558463,98.636540709,61.1720184763,37.606548505,60.0266733671,33.8790420782,105.858476525,-28.9794496691,0.111459421797,26.5761058865,47.7882270987,13.8053097345,40.3539823009,47.2566371681,59.5573440644,70.988293508,52.1693765759,-56.0056858564,-42.0753375977,15.6361051884,24.7903340441
p046,42.7256792287,100.701139351,22.1735319894,44.5661700262,36.894036894,13.4706134706,-10.608010608,-10.8537108537,108.448540706,67.9723502302,37.0199692781,108.448540707,42.0815701808,14.1069338512,-17.1351400018,128.752260398,-17.1059907834,50.0025806452,83.6461126006,3.63993279962e-11,1.8383761011,42.8954423593,47.4323062558,77.9084967321,14.41643324,5.54765291602,-30.2377565536,-11.9487908962,54.6230440967,33.5195530727,8.04469273745,93.8547486033,150.837988827,118.501440922,105.821325648,-5.30259365993,92.1658986177,61.6124224797,6.76890534113,22.4761904762,83.8095238095,-13.5238095238,80.6095238095
p047,50.9208561473,129.31806869,42.906918865,7.01841712293,54.5416404447,-55.4646528215,3.3258958369,-7.00650304172,-78.9502460361,-51.8316019683,-42.7920539457,29.5243302352,42.6920332937,10.5343978257,4.95410225923,39.485937791,-17.5847906986,-5.24767175057,-30.8785046729,-30.8785046729,44.6889185581,33.2959501559,33.8620153943,148.531883342,93.7899865829,109.700404858,-28.7611336032,-32.4534412955,-73.0688259109,43.5263500327,53.715029278,-10.2472348733,145.413142485,71.3253012048,47.2289156627,-60.9638554216,77.0764119601,-27.3481357353,-16.9585253456,78.7569573284,41.7439703153,-16.6975881261,-2.67161410022
p048,36.6158113732,41.6088765604,53.814147018,69.9029126214,51.7689207345,16.8383340797,-21.4631763221,-7.61307657862,-48.3184625943,19.7666437885,-14.2759094029,97.5781939407,-6.48804517611,45.4781071385,16.0903520365,-4.10752038658,-120.430107527,-13.7634408602,4.4444444445,29.1358024692,-10.0176366842,87.5720164609,24.5555914674,61.8495475114,27.0281189399,56.8601848132,5.57883257758,27.2800321414,-51.345922057,-11.8934544703,-3.2706999793,40.2023539129,128.226306009,3.56626506026,34.8915662651,16.0,-17.4234034699,14.0762463343,69.2604064364,68.4210526316,14.7368421053,115.789473684,16.8421052632
p049,-4.70957613813,41.4442700157,24.4113029827,40.6200941916,17.6375694569,39.5769851227,19.3192002476,53.1278006811,70.6488409175,-6.91769900654,15.8959892065,28.0632895867,41.0737024398,56.2667811484,38.9466714206,-10.781671159,-78.1566820276,-59.8709677419,9.225,20.475,-19.4357142857,26.1,98.0764040091,110.190200277,92.2030482428,7.39028081387,0.749477527667,2.11871531866,0.201782411267,-61.9887730553,-44.7794707297,-22.4538893344,51.9647153168,37.6738882554,35.3933865451,36.8529076397,-114.285714286,30.5732484076,10.1910828025,12.7574750831,9.03654485051,93.6877076411,-22.9634551495
p050,-14.8700382833,-51.2593189603,-6.12532742294,-23.3326616965,48.4934420417,36.5827720667,-6.18736102607,-27.43707905,258.064516129,178.064516129,98.064516129,98.064516129,57.2717908471,-3.9352808863,14.5975376465,41.6184971098,11.3608577072,67.5707702436,-28.2580645161,-11.3225806451,34.6451612903,97.5483870966,-55.9501219843,74.0037950665,54.6489563568,8.48194867335,78.9660100666,17.5728577643,149.804262723,33.8557993731,12.0376175549,142.946708464,33.8557993731,38.7368421052,5.05263157895,-11.7894736842,100.372670807,-56.3049853372,-129.032258065,125.015069319,27.9686558168,94.6353224834,10.4159132008
p051,-6.93365212193,11.4763897191,7.01334927282,15.6604901375,12.8170894526,-33.3778371162,1.45648743783,25.5006675568,36.866359447,94.0092165898,74.9615975422,36.866359447,39.7543163902,27.4922446611,19.8945688446,59.1756070018,48.1232630949,49.1701551342,9.26488706359,38.8336755646,40.2417131123,24.0492813141,63.5294117647,78.5294117647,29.243697479,25.4817371298,-66.7899256337,-55.0282810852,-41.184929537,-40.3839317455,12.3995734092,40.0284393886,70.9562744401,74.95915986,35.2858809802,-27.8179696616,56.7195767196,21.009322887,95.9075589793,21.9648219648,18.3612183612,68.8116688116,13.7966537966
p052,41.0743998098,120.941288329,39.7432850012,20.1093415735,-22.3038685973,-15.0421439378,-23.9542605655,-33.1964555868,51.9334802645,33.2999398918,38.6829626661,101.622921258,22.0114193229,14.8592494588,-22.4214359574,-48.1927710843,-35.5659364939,-32.1608484313,25.8890322581,-9.72387096774,-32.9496774194,18.6632258066,-64.6853863497,150.645624103,77.474892396,60.8472400514,10.6730240235,34.6277278562,-37.9332477535,16.503886785,13.2668925653,15.3478174207,32.6888578831,39.3063583815,95.9537572255,16.4161849711,-51.5918367347,-35.015538145,63.0396405072,37.9693034238,-4.34474616293,20.1180637545,-16.774498229
p053,20.5340938553,9.64480165931,-1.2444905367,6.37801400056,17.2553923101,31.1347296028,-17.3235954418,23.2572678961,-103.225806452,-23.2258064516,3.44086021505,3.44086021505,16.1869478484,26.576558238,4.9472784269,4.96894409938,,,-49.3757961784,-49.3757961784,11.2247497725,38.5222929935,35.4195409508,51.6242317822,62.7116518248,61.3858386974,-9.0355384865,-2.78682317303,-25.8084059069,11.7746005046,-1.88393608074,-27.2497897392,99.5794785534,47.659574468,68.0851063829,-26.5531914894,88.8888888889,,,-81.4058956916,-19.5011337869,-5.21541950124,6.53061224492
p054,80.981595092,49.0797546012,43.3537832311,4.90797546012,84.6957920129,-87.0544090056,-46.1197339246,-47.6547842402,-1.52250451993,-51.6699971453,42.5286262568,95.232657722,7.73911686689,87.3771259167,5.56717116558,-5.59440559441,67.0967741935,-12.9032258065,33.3084112151,44.5233644861,32.1068090788,86.5794392522,-7.93800357672,92.8792569661,68.949868277,55.9593166782,39.4758001948,26.5034067346,18.2482472598,-24.8606235804,-3.30373735286,67.3549452818,128.432789593,117.933774834,25.2185430463,-1.90728476825,18.5784658691,50.8910444395,39.7022332506,8.72059667227,56.9133677568,52.0940906484,22.214572576
p055,36.0083016257,-15.5655482532,19.301279834,59.2528536839,45.0491307634,15.5706727136,21.054078197,-17.7626606198,32.59762309,-62.1392190152,32.59762309,-9.50764006798,87.8323780889,83.6284076724,-12.8760687776,119.636884854,-61.1759171148,38.2606092358,5.40293637857,46.5122349104,41.4784432533,73.9184339314,41.3953816821,110.182896688,68.7663300615,10.1748937562,-11.320226031,-42.4648577966,-51.781627983,25.8757164952,50.5722864161,5.29524156125,51.2055317987,107.990543735,62.6004728133,7.56501182036,20.641913153,10.2013245906,78.4342152953,32.3917137477,36.1581920904,7.53295668546,-34.3502824859
p056,9.10240202284,115.297092288,-10.012642225,-18.5082174462,92.0159070051,62.6491281738,56.1083456159,25.3900275314,-2.42476726566,0.259796492721,-27.4806956772,45.8973803853,118.07502842,18.2320142911,14.3387646836,-114.285714286,-26.2855060012,56.1035174048,54.7549668874,46.8079470199,32.3330179754,68.6622516555,40.519147768,70.0757980142,35.5411856212,14.2275653162,-14.2153946016,-23.3623627414,10.4505868991,27.3035613341,22.3855285472,72.7953646128,78.9429055963,75.8441558443,152.282003711,40.6679035251,59.8639455782,48.727771885,75.4975978037,-18.7593547314,-29.0038250458,28.7377349077,61.1475137202
p057,34.6604215457,105.152224824,24.2779078845,14.168618267,113.617376775,110.275689223,57.963089542,63.492063492,49.4623655914,-33.8709677419,-61.6487455197,449.462365591,91.928864569,33.7697869845,-19.6990424076,24.7104247104,-2.79182139503,10.5230191043,-17.4482758621,-45.0344827586,-5.37931034483,126.804597701,23.2708468003,114.21438602,48.7350377817,8.77192982462,-65.8312447786,-38.6354775828,-77.8947368421,-39.7816535748,16.7434429503,15.8168020237,284.542670749,20.6741573034,140.738362761,1.0272873194,24.9002394254,,,28.3147989734,19.3327630453,91.1890504704,-13.9606501283
p058,45.6648419565,-50.0088292424,40.4732473954,7.84036729657,26.6589394378,-78.7018255578,-67.8591185691,-48.275862069,25.0529785731,-33.3411820108,56.1965308845,89.2865552153,79.6367248474,117.02649557,-28.6760323542,34.7826086957,-13.9608672659,45.0555261766,46.1322957198,91.2684824902,28.5669816565,-11.4552529183,83.5188129307,105.140434552,87.637217049,46.7379883466,-3.27497509659,18.6073168402,48.3713821758,-32.0973075106,7.76570618809,13.1081719415,43.9300897496,69.8575498574,62.45014245,-30.9971509972,79.8084596968,75.136720298,-57.5414123801,11.2280701753,-19.649122807,9.12280701745,7.29824561401
p059,11.9953416149,32.3757763975,0.310559006203,50.3105590062,60.8785887236,52.1618817018,18.6157667998,-32.0996195088,46.0163233581,127.944034201,54.5839271063,142.401865527,-17.0037218062,76.6243666203,-5.14416393887,-22.8571428572,-30.8487115372,58.3248951252,-25.5280898877,-34.5168539326,-17.1813804174,40.3895131087,8.73949579825,154.77124183,92.5490196079,24.5528246042,26.6485284114,27.4868099343,15.750868614,-50.2102607233,24.423885618,4.66778805721,-50.2102607233,2.81690140847,46.9483568075,11.8309859155,11.7536730228,86.146627566,32.6193548387,-12.1626484347,-20.7268801727,140.482187837,3.85750269882
p060,82.5766579511,111.528405039,62.2771571191,25.6714998812,4.46633825946,28.1116584565,19.5850126885,11.5599343186,77.1949509115,52.8471248248,12.2674146797,63.2819074333,75.6325165926,6.91223542674,-40.72059484,-1.10957004162,38.7299336609,11.8539524992,64.2919708028,-40.8175182482,35.511991658,109.547445256,-33.3942272561,196.41943734,98.2827913774,-1.26478988173,-12.4497289736,19.1486468108,-0.489596083222,48.2422203532,54.0958788897,1.41295206057,83.3641715726,16.8101265822,119.088607595,-36.0506329114,4.00462071621,,,40.7364250757,40.0838965277,23.1181542764,-13.4234444186
p061,2.94599018005,-7.85597381343,14.4026186579,59.9018003274,25.4611211573,53.6708860759,22.4626006904,26.329113924,10.6302998514,-26.2260687123,110.359297141,114.695340502,-6.68076474902,56.6126377182,11.6421388804,113.645458183,7.89993416727,72.8511320377,-59.7142857143,-59.7142857143,-3.59183673469,-43.0476190476,38.3193277311,21.1764705882,-30.2521008403,10.7194591984,-17.0281536082,5.73911843827,-5.79430226946,22.8268283441,27.5740810914,5.68397120121,51.8378173551,88.7272727271,39.7575757575,11.6363636363,1.00544616666,-27.6523214791,26.9854265597,-13.3374120526,-57.0204955644,-69.8684613031,0.195778525538
p062,-6.53753026633,-3.995157385,-2.30024213072,30.3268765133,40.3571428571,13.3035714286,14.8376623377,7.67857142857,-62.6954284583,-3.79972293675,19.1041625437,104.175737186,11.4686389396,27.4654554935,-20.2862357123,58.616455178,,,-10.3625254583,-27.4704684318,57.3709630492,14.0773930754,29.326513214,116.283034953,62.4528072098,8.91043397967,21.3164490173,-8.92582333023,153.647276085,22.3855285471,-75.9751271905,84.6806105144,153.533069531,57.0266836086,33.1385006353,0.609911054641,46.5024630541,-12.852224914,-38.1486676017,-103.80078637,-37.7457404981,88.8597640892,-6.92005242471
p063,-15.0437317784,-29.7376093294,-46.0641399417,20.4664723031,38.7921022067,-62.6016260162,-23.3555062823,-18.6991869918,-26.6833698716,-9.20764171625,36.7470508403,-15.0328844346,58.3430100471,57.0880424671,-15.0976927349,-7.07964601772,,,-69.4789915966,-16.5378151261,-6.45378151263,0.268907563049,11.2510286013,83.9937161808,53.9809989277,55.7595335645,42.7355814686,40.3403718878,75.07091081,5.93150523712,40.3342356125,40.7437919265,50.9826997765,104.137931035,19.9014778326,9.85221674876,34.9206349207,-64.7507331378,51.6129032258,1.1524609844,17.2869147659,95.9423769506,34.4969987995
p064,36.1467342678,-1.43155383241,31.9713689234,2.32627497757,3.26530612242,-41.706864564,-14.7883285546,25.306122449,-63.523573201,6.80609712861,6.80609712872,24.3885147113,-11.8599791014,3.07508583366,-8.52664576804,61.68559474,36.6096949192,5.14495712535,-25.231726283,-43.8942457232,27.0233281494,-16.5225505443,-82.2016010196,125.787566211,70.5404436656,54.0784231495,-2.77985801155,12.7769623261,-45.1247641015,-30.5884018977,-48.3296749983,7.60461658285,55.653897897,84.5659928657,64.1141498217,27.7764565993,6.84993240192,6.56315779998,5.22461903823,-41.1873840446,-33.3951762524,13.3580705009,1.41001855285
p065,36.7838044308,-26.5851795263,28.4950343774,70.4736440031,46.6195190947,-80.3394625177,-37.5671852899,-26.874115983,-62.0634497467,-52.1460943748,67.9640984626,182.564649427,6.48561729496,24.4722938309,-16.2086832232,40.5294386126,74.4030163385,27.0263929619,69.3637660485,-2.53352353777,0.645608314616,-14.5164051355,23.5190691661,14.5520361991,27.7388493859,71.7222744361,-43.7432867884,-46.8045112782,22.8383458647,47.6166328601,71.4401622718,89.5283975659,-31.7951318459,46.78700361,0.577617328472,16.1732851986,26.4981036662,,,65.5659248625,95.7166786313,27.3749700886,-4.51782723138
p066,36.4047996378,40.2082861671,4.07516413858,36.4047996377,78.0441035475,41.8024928093,-5.78750108951,-14.573346117,-117.812061711,-117.812061711,9.72417017298,-117.812061711,127.76100429,74.5681142311,-5.69521690768,97.4436090227,80.2735246023,79.1675338188,-38.9841269841,-32.6349206349,33.1247165533,38.2645502646,51.420873693,196.67714414,161.344537815,47.6867572156,33.6890613631,8.57385398978,-43.039049236,-99.3103448276,-22.5103448276,-8.11034482759,102.289655172,139.694868238,44.8266296809,21.5256588073,-66.9950738916,73.7286317144,-22.5019669552,10.9164420486,21.2938005391,146.765498652,72.2371967655
p068,-2.44530244524,30.8880308881,-13.5564135564,5.66280566283,50.5461554937,-26.0441207967,-31.9320859051,42.3216962948,5.1045728465,-34.455866714,13.8957816378,-30.0602623183,52.0088579564,15.8358566458,14.5776652958,9.87654320988,-21.5471343564,93.4043219543,-4.4859813084,11.214953271,28.8384512684,-17.9439252337,12.1911451148,104.302019315,37.7774990592,-53.0817174515,-91.3335971508,-92.3361034164,-137.950138504,89.7574951396,22.1017087895,-11.7261843856,75.5141716975,8.33333333332,33.3333333334,-46.6666666666,101.18289354,59.4330400782,2.86738351254,-3.90977443606,-43.9097744361,-89.1729323308,-37.1729323308
p069,57.8290704928,221.584529008,68.7461010604,2.80723643177,37.9514824798,-7.3315363882,-11.4481744671,31.1590296496,119.421579533,21.4905450501,42.1802002224,97.3526140157,43.3129229778,66.8109203077,29.1073155012,89.5359417652,-36.3230657288,30.80475382,18.7939972714,-22.1336971351,56.9152212044,66.2701227831,10.5443007079,95.1916036124,64.6047630671,21.5345592898,16.7841289972,-16.5377298668,-26.1762840837,65.2384446073,101.493763756,79.2809977989,218.429933969,91.4285714287,127.518796992,-2.4060150376,-25.8064516129,55.3968404125,-40.790842872,89.3203883494,54.3689320388,128.155339806,6.21359223305
p070,30.2374010829,12.7446897126,36.651395252,12.7446897126,27.0811156057,-56.7170534384,-23.8759749937,11.2412177986,50.8219008774,-25.8064516129,40.6047872121,26.3008280807,62.5328591309,32.5520775807,29.1696304314,-19.0476190476,145.99078341,-18.5806451613,-35.4355828221,-30.527607362,43.4425942156,3.01022494887,-16.1344537815,35.2941176471,121.008403361,69.2653366923,13.212851015,2.641792061,39.3817661878,76.455138524,29.2806913496,69.0841311531,76.455138524,1.48648648653,65.6756756758,12.4324324325,68.1096681098,-97.4509361607,-69.4789081886,-15.3518123667,-49.4669509595,53.7313432836,31.3859275054
p071,25.2100840336,63.8655462186,17.9271708684,-11.7647058824,44.9825127792,35.297282755,21.3270721746,-14.4202313694,-24.4610915762,-39.6269683534,36.2024155327,210.609998471,52.354279713,61.2737866019,3.92788377381,13.8851802403,,,-59.9572953737,-59.9572953737,33.3828164718,-35.7580071174,100.439646057,74.3280093494,59.5692581668,43.2929309363,58.793041336,35.5649556658,46.0750020337,,,,,60.836940837,53.3333333334,-9.4660894661,8.24742268051,61.7639174336,10.7943883478,-43.3862433863,-39.6825396826,59.3915343916,6.24338624339
p072,50.2670226971,200.267022697,10.5473965288,-31.041388518,66.7323481116,3.67816091953,-18.3908045977,-26.6666666667,-85.2169877001,-20.4687862613,93.2002784869,12.6247389185,82.9303190727,31.003822333,30.8141365003,-20.4081632653,-111.778801843,-66.064516129,-16.3170731707,-3.51219512196,25.2334494774,145.268292683,-28.4475895621,67.9133126937,53.8381247237,27.7631578947,9.54887218045,14.4298245614,-84.7368421053,-112.769988632,-70.5721864343,38.8783630163,-86.3963622584,103.046044864,61.0153482881,30.7910271547,44.1068365597,,,67.2313194051,81.460568417,75.1364577451,7.46847355547
p073,35.3552859619,-91.5077989601,20.7972270364,19.7573656846,57.893326186,43.0983650497,29.5899222729,19.4585901904,15.5616793646,63.8028853947,77.2032204031,15.5616793646,41.2297465725,41.849367915,-13.4208558371,100.198807157,,,-13.4510556623,-75.6391554702,-3.57992870848,-82.5489443378,-65.3799981531,144.667097608,70.2557946256,6.79179566563,54.5333923043,41.7182662539,-40.6346749226,-60.6420927467,-62.0214030915,-19.2627824019,194.530321047,2.02066590112,38.7600459242,-45.9242250287,30.2521008404,,,-24.6616541354,-104.661654135,-45.7142857143,-91.7493734336
p074,15.8423645321,-70.2266009852,-2.91625615758,-15.6059113301,78.6813186814,93.1868131867,58.7812187811,40.1098901098,139.487179487,86.1538461538,92.9914529915,12.3076923077,107.833053646,58.3152245362,10.6274021545,6.27943485081,12.1596735286,-1.22011741215,55.8513011152,13.4721189591,45.0175252258,0.832713754632,7.14616555286,98.934691987,61.1394163965,50.6907894737,33.4586466165,82.9824561404,131.315789474,-30.3753940204,-8.43633584867,36.1066004394,-0.458496513494,15.6810631229,40.9302325582,12.4916943523,74.2477035158,65.2888012571,58.8351866124,-35.9231411863,35.4218880535,79.8663324977,76.5914786966
p075,22.30710466,35.141329259,14.4639674051,19.0985485103,61.8266978923,48.1264637003,34.4901000639,-1.05386416859,-27.2401433692,33.8709677419,35.7228195937,150.537634409,102.908545727,53.9289538904,53.4178624973,11.091018686,36.396594202,36.5865427576,21.690376569,19.179916318,-1.26240286913,-8.43514644352,16.8067226891,60.9625668448,47.9755538579,13.956569746,-23.9255481361,-3.38608759657,3.88663967612,-19.0874259839,-34.4409613375,25.3570184605,57.6802507837,12.0162381597,39.6211096076,-7.1447902571,-101.224489796,38.8256904385,-53.8816022687,-2.90010741136,-15.6820622986,107.626208378,23.716433942
p076,-26.8656716418,-35.8208955224,-15.9203980099,-44.776119403,70.2085792995,-24.2424242424,29.2511895818,17.0798898072,-75.5310778914,-63.8237608182,-0.0839234198424,127.395751377,12.5490196079,32.268907563,34.5098039216,-17.1560541075,24.3114103081,10.8815222239,23.1340206186,-26.3505154639,8.55375552285,145.81443299,,,,54.2172127233,-17.029870502,2.67456299556,43.3279205273,-2.69133725821,-5.29296327443,72.1054107093,72.1054107092,47.1351351352,-5.83783783783,6.91891891895,28.0581693754,10.243277849,60.0938967138,22.7194492255,1.83591508893,37.1772805509,23.040734366
p077,11.0091743119,22.0183486239,8.07339449537,6.60550458708,30.3797468355,9.76491862564,67.072168338,28.7522603979,60.7210626186,13.6622390892,29.348513599,154.838709677,93.4704789524,102.255911654,35.7569441298,107.755102041,40.2472743621,34.8953579858,0.905660377464,68.8301886794,85.0026954179,68.8301886791,23.7913347157,87.242169595,31.2124849939,20.00697107,-6.29388039636,1.02242360869,29.2784942489,44.8860315604,20.4792518994,70.3097603739,95.7334891874,105.945945946,45.7142857143,-29.0347490348,120.816326531,-1.26055937332,62.782859894,14.7321428571,-41.5178571429,99.1071428571,17.8571428571
p078,26.6959297685,168.3160415,20.2713487629,10.7741420591,81.4449917897,-2.4958949097,-18.2952679505,-25.9441707718,42.2287390029,-30.4985337244,-22.4177256436,42.2287390029,88.8660932691,48.2645895098,27.6303953287,27.4162495186,-63.398526797,38.6487172975,46.7675675676,53.254054054,11.7868725868,4.0648648649,26.9445378151,31.0588235294,15.9731092437,-9.62712423694,14.0853701652,-11.351262168,-13.8590991586,29.4701429774,8.39697224564,102.640874685,111.42136249,35.5555555555,41.5480649188,-17.1785268415,97.3544973546,70.7596253901,-2.35865417964,17.9702650291,8.92049127344,47.8345184229,17.0652876535
p079,44.9874686717,26.5664160401,49.373433584,53.7593984962,7.1568353369,-1.23008107351,5.81492871123,9.3374336036,48.5366374704,10.126041444,22.0465712454,53.8346507156,84.5725082663,69.543154059,-4.85214926781,-0.592153959947,10.1679797829,17.3569198751,33.5581395349,21.3488372092,12.877076412,71.3488372094,43.0330271644,-18.2626538987,-32.7144811413,-16.0160084573,-31.326522907,4.50049082539,18.8476931209,60.201668119,40.2738702851,71.0319930288,81.8623179385,-15.4910096819,59.7510373444,-23.4578146611,-45.4685099846,,,55.4892053284,11.7593017914,51.630684428,44.6853468076
p080,20.1606086221,150.633981403,10.3972950127,18.3854606931,36.9863013698,-57.8277886497,-9.82031666961,-49.6086105675,26.5845355812,22.5644350787,62.7654401037,10.5041335711,53.2567049808,22.6444600829,5.32019704425,58.3177570094,160.368663594,-96.7741935484,11.6307692308,19.3230769231,54.0483516483,75.7333333334,35.7966981005,64.4599962172,33.5918290146,2.91090855627,16.0793044063,-9.93825345488,7.9388415172,112.41777955,123.516045445,44.7877217461,74.2674905323,31.4881780251,46.5090403338,5.78581363011,110.367346939,29.9835491024,19.9318122214,2.07039337473,-20.1518288474,-87.7846790891,-7.39820565912
p081,73.0554143366,91.2048805286,60.5998983224,57.041179461,77.9831932774,-36.9747899159,-12.5897631779,-8.73949579827,46.404261616,-37.999408109,119.798757029,105.119857946,45.0037754844,58.2675919599,0.507425119553,0.881380829895,67.8307191477,71.1334714413,-63.2307692308,-34.3846153847,48.8571428571,94.4615384617,-36.0106833431,85.3625170998,73.8453520943,68.8446468283,-12.1268967187,-29.1432807371,-83.8716509584,-18.4204671857,-23.065628476,-41.6462736374,109.321468298,48.3276450512,57.8839590444,62.252559727,92.5778132481,51.4453288647,-46.3901689708,-8.66425992779,-5.77617328519,-12.9963898917,51.9855595668
p082,-14.0952380952,-20.3174603175,-29.2063492063,31.2380952382,29.5175023652,12.4881740775,2.61460393911,5.86565752129,-13.6132704901,-33.3476158412,-11.5892350697,229.270979984,2.2190797346,81.7143478734,15.8468399869,-35.2201257861,-29.7702782302,-13.2718894009,9.82278481011,-12.9620253164,18.1410488247,-46.7172995781,52.179299238,225.292672352,136.419383478,43.8730413821,26.3375997244,31.6593009241,60.3615910002,9.96356858427,-21.8791832585,17.3345759552,239.93899856,61.6793893129,109.51653944,-1.22137404582,69.8303417751,45.8613187021,-43.2882414152,3.71057513917,7.75097917948,-30.9214594929,-24.8031333746
p083,31.0365730451,15.7607597494,3.31380076787,37.8258233987,65.374291679,-58.4551148226,-37.9578667679,-50.9394572025,-21.264516129,-0.464516129032,29.935483871,55.535483871,5.99861143259,74.1098290739,38.2133765332,-9.14285714286,-21.4285714286,63.0,34.8192219679,-14.6086956522,35.9960771494,21.0892448513,138.946835015,189.772391369,152.730036738,29.4752962038,-8.78766594894,13.7019424518,36.3665672604,3.04632959592,-19.0395599746,42.6168817433,84.0279246879,80.8976157082,51.1640953717,61.7110799439,91.2679826028,,,71.6727716728,45.1770451771,38.3394383394,61.9291819292
p084,-0.240770465497,-0.240770465488,17.1749598716,67.1749598715,3.98427260814,-15.8322411533,-50.0607649231,-8.12581913493,-110.023603462,-76.8528717545,-13.7634408602,-110.023603462,24.5964783566,33.4870558642,10.8730741012,-2.93833365551,,,-55.0350194552,-8.34241245135,16.1156197887,79.8547341113,-13.8716950195,216.929698709,99.856527977,70.1622477245,-31.3415116739,-40.3640680649,-40.3640680649,-128.735632184,-128.735632184,-62.0689655172,4.59770114942,4.63208685163,-25.2834740651,-3.47406513872,24.844720497,,,43.1168831169,16.4502164502,64.9350649351,3.11688311692
p085,6.91454664052,88.1930854531,6.61013263749,23.352902805,12.4971700249,-63.5725605615,-26.5750097763,-16.9798505774,-61.198156682,-64.0552995392,23.8812083973,83.5637480797,38.3258752302,2.55706388901,-3.20084232696,4.03361344537,26.0619610347,16.5570105397,-27.6788321168,-39.3576642336,11.1115745568,56.9927007298,-7.06070137552,88.0709825829,40.1859067649,44.1986396354,5.75088914254,17.2224790332,-35.9770190847,28.9655172414,-67.0344827586,73.9655172414,-1.03448275862,-37.1600481348,-9.24187725631,8.47172081826,67.81268524,,,123.78021978,15.4725274725,-9.14285714288,28.2725274726
p086,136.244541485,123.144104803,85.5895196507,47.1615720523,18.8882247459,-4.42319187089,10.8677932945,16.915720263,-119.481838964,-43.8912877826,-60.6891880449,-31.2928625856,39.6171958075,69.8248735923,-11.836548686,99.7909407664,36.866359447,82.5806451613,45.1241084165,16.0228245364,-16.7466884044,67.3780313836,-88.7394957983,238.117647059,103.260504202,44.4194142944,5.89801351621,-6.55334835145,108.621748925,-29.3528112792,-24.6237472397,43.0609818243,68.1841345336,46.5329512894,66.0171919771,20.4011461318,-19.7044334975,125.122189638,20.0716845878,63.7658837121,33.5772044667,24.9518675395,10.7200616095
p087,13.0695225994,19.1686331457,4.9373752042,30.6044654202,47.3416551087,-17.0134073048,-32.5473878872,-15.0716597319,-19.465437788,117.677419355,47.5821812596,81.1059907833,114.052870168,40.6196564094,-29.8762287985,133.158584535,-2.0386926883,-28.8984688568,-42.3716814159,-29.0973451327,5.03666245256,54.0884955753,,,,29.3852563557,-19.3569545835,-15.8489924326,-71.4224980869,-1.26211404098,-0.216362406987,91.5483434753,194.816317332,38.6368977674,13.7250293773,-22.561692127,156.960175374,107.326218385,18.3899347271,-0.393410376201,29.8991885911,94.6151954758,17.7821490042
p088,-57.0354457572,-66.0580021482,-49.5166487648,7.25026852849,-8.44645550527,41.9737125619,0.344753285925,10.2995044172,-10.8184251303,-13.4385124665,-34.1080903414,205.775461332,-27.1693823418,58.0739457586,18.984463812,-15.9064327485,40.0943430458,22.3845567691,18.5338078293,33.4804270464,32.2602948654,61.9501779359,8.43531328883,117.289197048,73.6172796114,19.6672141684,-27.667540629,-14.7968292508,48.161108334,-4.76232472001,-26.2457006791,5.21209983243,76.5675985537,29.7203728362,49.4274300932,4.47403462049,32.5920654687,,,-25.8135686707,-56.7015995588,-69.8290126862,-4.50082735802
p089,20.0664451827,2.3920265781,13.5548172758,58.2059800664,27.8555157826,73.1532704196,22.9565423187,-15.684998373,-16.7795035179,58.9406610912,29.3110314616,35.8953936014,67.6905244857,54.2451463344,6.5140538974,26.6516092603,55.1437658208,80.2544298045,44.8524590163,-46.9508196721,25.1803278688,-5.42076502734,26.0587403278,68.4915550379,70.1888676264,58.4050575062,75.5231058833,45.6698910808,108.766852007,-47.7209671026,-32.0887831946,25.8422512882,30.4399524376,43.6568213783,40.2812939522,-11.0267229255,5.62060889931,,,55.1068883611,60.8076009502,60.80760095,31.9239904988
p090,-0.502232142857,42.8571428571,3.01339285714,-19.2522321429,58.6375395229,-15.8666283415,13.546212339,-0.172463351544,29.1223643899,31.3570012614,35.0813960474,-51.3245629843,-9.3732139455,115.962224097,57.3671175462,0.15895092393,-7.3732718894,175.483870968,95.7137176939,52.7713717695,44.9326895768,85.3757455268,-14.4754676063,134.487666034,79.5337489835,53.208765408,-0.402493221855,-11.6611230679,-84.5235765995,-15.859030837,-21.1453744493,-30.3964757709,-9.91366988501e-11,42.544529262,42.5445292621,67.5826972009,-107.000569152,15.9577248048,-69.3708080485,-35.8991596639,17.7478991597,23.3949579833,-28.9344537815
p091,69.2051139521,33.0183435241,29.1272929405,-2.00111172874,-2.52720252714,-37.4868374868,-25.4251890615,-41.9094419094,26.5560165976,-44.8132780083,-13.2780082988,59.7510373444,10.8012170387,15.2129817445,-36.845841785,93.3542647828,25.4656701391,31.2279750611,-58.1052631579,-71.6390977443,42.4317937701,155.428571429,64.9367439283,110.148674854,73.9791301135,88.5917496444,5.65738671,-4.38122332861,7.51066856329,-52.9809861425,-46.2520141798,47.9535932969,148.888172736,-33.5435992579,58.478664193,13.6549165121,-25.5728429986,93.8416422287,215.053763441,16.2711864407,-40.6779661017,97.627118644,-6.50847457627
p092,50.4201680673,58.4415584417,29.0297937357,21.5431627197,34.5514950166,-17.2757475083,-48.2271217155,-40.9966777409,67.1543350522,82.024223528,15.6053883359,37.4145581005,35.2976249627,18.5005891455,0.715492397879,85.8369098714,112.811059908,-44.9032258065,-53.1365313653,-26.5682656827,8.85608856085,236.162361623,-31.8584070797,63.7168141593,62.1997471555,11.4302610459,-20.9705644529,-3.17648052722,-62.2455013939,40.1542649727,-9.5825771325,63.8384754991,59.8911070781,27.7345537757,83.1121281464,-4.39359267738,124.55858748,,,104.559270517,53.4954407295,2.4316109423,-17.9939209726
p093,7.05574912887,78.3972125434,-11.2369337979,33.5801393728,87.2434607646,-30.583501006,-9.07261752336,-66.0764587525,121.926133707,81.3464235623,0.831125655842,67.819853514,22.5065937287,12.7939267922,17.7473869298,18.2021633719,49.2777672261,3.76180813101,0.944543828262,-35.5491949911,67.4919499106,14.5402504472,23.9393318303,89.9091343855,74.1135478582,13.0080539427,-9.18310009891,12.4742461136,-15.2837610039,8.27586206902,57.4910519424,31.0606721956,53.8454823222,-15.8083832335,24.9101796409,-39.6646706586,-13.4579439252,44.4681418288,42.8152492667,-27.0462633452,-39.8576512456,96.797153025,26.1921708184
p094,37.6064333018,102.175969726,11.4474929044,51.5137180701,69.8057994147,42.9901569566,73.8687755447,44.1074753924,-35.595105673,74.7497219133,37.9681127178,-35.595105673,9.00042454837,26.5888552695,29.6844190764,28.9156626507,96.37919684,-65.2534562212,33.3628620102,21.0971039182,19.3448527623,55.1686541737,52.5951557094,111.418685121,25.7043994068,60.2310654686,-11.2671923712,26.7351305092,-9.03722721436,26.855446449,-46.2571363325,98.3786252569,-4.93263302124,3.77267230955,18.7666263603,-12.76904474,-23.3236151604,-35.9186975427,96.9966629588,-56.1349098662,-14.8866059314,132.738902888,12.0333397945
p095,11.9487908962,-8.53485064008,5.68990042676,7.68136557616,23.585519185,-32.0832430089,-27.1170407741,-24.7994797312,-59.4670406732,-68.1626928472,44.8807854138,79.6633941094,82.2978265878,90.3156439597,36.3290069888,90.4469763366,57.4766863819,41.8186436374,25.9378881987,50.1614906831,36.5856255545,90.5341614905,101.26344244,112.052653229,29.3353705119,35.7374918779,5.04966119003,6.10786224824,-1.29954515917,-100.749625187,-100.749625187,51.4242878561,64.4677661169,16.8368617683,84.0846824409,-2.59028642588,36.2232362233,-25.2650575232,-27.129859388,17.2527472528,-20.4395604395,8.02197802201,8.79120879125
p096,-29.788269652,-78.85130202,-40.6911657337,-8.32319299098,-4.65680329854,-26.1945185544,-4.33929398271,-30.2692214407,-56.5025466892,-48.0814940576,-101.414827391,27.7079796265,130.893736805,95.9083140645,47.6284306826,-1.76217982005e-11,33.7485187624,129.356682028,-43.0859232176,-78.1864716636,65.0363019065,-27.7294332724,132.348184557,99.3562708103,23.6689392739,15.7894736841,42.1328550734,20.3766296474,145.147271849,-58.5832083958,4.67766116944,58.808095952,140.329835083,105.526717557,73.7709923663,52.0305343511,101.277584204,73.7150794876,-13.1748726656,-22.7140621507,-32.729711603,-26.4699306953,17.098144422
